step,t,E,Omega,eps_enstrophy,eps_dEdt,step_wall_ms
0,0.000000,0.124999963,0.374999888,0.00046874986,,0.000
1,0.006136,0.124997098,0.374992764,0.000468740955,0.000466901467,311.986
2,0.012272,0.124994225,0.374988558,0.000468735697,0.000468176336,264.010
3,0.018408,0.124991359,0.374987312,0.000468734141,0.000467036832,248.270
4,0.024544,0.124988486,0.374988984,0.00046873623,0.000468340988,265.936
5,0.030680,0.124985604,0.374993571,0.000468741964,0.000469661864,265.856
6,0.036816,0.124982714,0.375001074,0.000468751342,0.000471000391,266.350
7,0.042951,0.12497983,0.375011537,0.000468764421,0.000470006243,265.172
8,0.049087,0.124976968,0.375025004,0.000468781255,0.000466451728,243.455
9,0.055223,0.124974097,0.375041387,0.000468801733,0.000467851271,257.848
10,0.061359,0.124971233,0.375060729,0.000468825911,0.000466845551,229.858
11,0.067495,0.124968344,0.375082941,0.000468853676,0.00047072042,212.539
12,0.073631,0.124965462,0.375108113,0.000468885142,0.00046976439,235.369
13,0.079767,0.12496257,0.375136201,0.000468920251,0.000471262239,250.596
14,0.085903,0.124959684,0.375167249,0.000468959061,0.000470363364,251.452
15,0.092039,0.124956818,0.375201302,0.000469001627,0.000467065222,243.310
16,0.098175,0.124953943,0.375238271,0.000469047839,0.000468649593,274.965
17,0.104311,0.124951072,0.375278202,0.000469097753,0.000467840922,244.928
18,0.110447,0.124948191,0.37532105,0.000469151313,0.000469493204,248.594
19,0.116583,0.1249453,0.375366817,0.000469208521,0.000471177689,245.577
20,0.122718,0.124942413,0.375415547,0.000469269433,0.000470547465,247.612
21,0.128854,0.12493953,0.37546724,0.000469334051,0.00046980647,255.356
22,0.134990,0.124936652,0.375521899,0.000469402374,0.000469175098,241.118
23,0.141126,0.124933776,0.375579525,0.000469474406,0.000468581568,224.862
24,0.147262,0.12493089,0.375640072,0.00046955009,0.000470463559,252.321
25,0.153398,0.124928006,0.375703587,0.000469629484,0.000469947979,243.336
26,0.159534,0.12492511,0.375770028,0.000469712535,0.000471910463,246.078
27,0.165670,0.124922232,0.375839483,0.000469799354,0.000469063641,215.572
28,0.171806,0.124919356,0.37591191,0.000469889888,0.000468696105,250.544
29,0.177942,0.124916468,0.375987266,0.000469984083,0.000470786066,236.495
30,0.184078,0.12491358,0.376065597,0.000470081996,0.000470519997,235.119
31,0.190214,0.12491068,0.376146859,0.000470183573,0.000472712353,237.407
32,0.196350,0.124907795,0.376231143,0.000470288929,0.000470112451,234.397
33,0.202485,0.124904897,0.376318362,0.000470397953,0.000472480913,267.843
34,0.208621,0.124901998,0.376408563,0.000470510704,0.000472337076,241.699
35,0.214757,0.1248991,0.376501747,0.000470627183,0.000472323517,234.736
36,0.220893,0.124896202,0.376597915,0.000470747394,0.000472364553,225.277
37,0.227029,0.124893303,0.376697071,0.000470871338,0.00047246131,276.018
38,0.233165,0.124890403,0.376799215,0.000470999019,0.000472615108,249.228
39,0.239301,0.124887501,0.37690435,0.000471130438,0.000472836164,229.631
40,0.245437,0.124884598,0.377012479,0.000471265599,0.000473117552,264.282
41,0.251573,0.124881693,0.377123602,0.000471404503,0.000473471154,272.158
42,0.257709,0.124878785,0.377237724,0.000471547155,0.000473866656,264.979
43,0.263845,0.12487589,0.377354891,0.000471693614,0.00047190484,261.137
44,0.269981,0.124873006,0.377475105,0.000471843881,0.0004700191,266.139
45,0.276117,0.124870103,0.377598279,0.000471997849,0.000473054743,263.127
46,0.282252,0.124867211,0.377724507,0.000472155634,0.000471366667,259.474
47,0.288388,0.12486433,0.377853789,0.000472317236,0.000469638494,246.167
48,0.294524,0.124861443,0.377986083,0.000472482604,0.000470454188,236.332
49,0.300660,0.124858551,0.378121394,0.000472651742,0.000471354498,232.518
50,0.306796,0.124855668,0.378259769,0.000472824711,0.000469875701,265.006
51,0.312932,0.124852778,0.378401166,0.000473001458,0.0004709044,248.609
52,0.319068,0.124849867,0.378545543,0.000473181929,0.000474456894,272.037
53,0.325204,0.124846963,0.378692991,0.000473366239,0.000473257138,269.566
54,0.331340,0.124844051,0.378843471,0.000473554339,0.000474519214,265.636
55,0.337476,0.124841131,0.378996986,0.000473746232,0.000475863576,261.295
56,0.343612,0.124838232,0.379153627,0.000473942033,0.00047247531,252.182
57,0.349748,0.124835324,0.37931331,0.000474141637,0.000473978553,235.605
58,0.355884,0.12483242,0.379476079,0.000474345099,0.000473205052,245.644
59,0.362019,0.124829506,0.379641897,0.000474552371,0.000474984287,249.307
60,0.368155,0.124826582,0.379810767,0.000474763458,0.00047665955,242.177
61,0.374291,0.124823675,0.37998278,0.000474978475,0.000473713608,252.369
62,0.380427,0.124820756,0.38015785,0.000475197312,0.000475711799,248.981
63,0.386563,0.124817839,0.380336028,0.000475420034,0.000475320502,250.139
64,0.392699,0.12481491,0.380517272,0.00047564659,0.000477457562,250.104
65,0.398835,0.124811981,0.380701631,0.000475877038,0.000477294948,266.312
66,0.404971,0.124809067,0.380889152,0.000476111439,0.000474807089,268.358
67,0.411107,0.124806139,0.381079749,0.000476349686,0.000477269214,268.761
68,0.417243,0.12480321,0.381273473,0.000476591841,0.000477377787,272.410
69,0.423379,0.124800279,0.381470328,0.000476837911,0.000477580215,271.541
70,0.429515,0.124797347,0.381670316,0.000477087896,0.000477940727,266.371
71,0.435651,0.124794397,0.3818734,0.00047734175,0.000480746724,232.876
72,0.441786,0.124791473,0.382079716,0.000477599645,0.000476524727,253.576
73,0.447922,0.124788531,0.382289135,0.000477861418,0.000479492536,227.982
74,0.454058,0.124785584,0.382501705,0.000478127131,0.000480244198,255.217
75,0.460194,0.124782647,0.382717476,0.000478396845,0.000478664896,228.311
76,0.466330,0.124779704,0.382936407,0.000478670509,0.000479637353,244.044
77,0.472466,0.124776784,0.383158592,0.00047894824,0.000475897947,232.673
78,0.478602,0.124773842,0.383383903,0.000479229878,0.000479498435,250.509
79,0.484738,0.124770907,0.383612433,0.000479515541,0.000478356682,234.455
80,0.490874,0.124767963,0.383844143,0.000479805178,0.000479773207,237.676
81,0.497010,0.124765024,0.384079079,0.000480098849,0.000478933882,238.221
82,0.503146,0.12476209,0.38431725,0.000480396562,0.00047814133,238.205
83,0.509282,0.124759145,0.384558613,0.000480698266,0.000479949723,239.489
84,0.515418,0.124756189,0.384803177,0.000481003971,0.000481785691,238.679
85,0.521553,0.12475325,0.385051032,0.000481313789,0.000479106031,238.413
86,0.527689,0.124750283,0.385302053,0.000481627566,0.000483518025,240.385
87,0.533825,0.124747332,0.385556377,0.000481945471,0.000480977722,239.494
88,0.539961,0.124744365,0.385813917,0.000482267396,0.000483418856,238.935
89,0.546097,0.124741414,0.386074773,0.000482593466,0.000481064831,236.445
90,0.552233,0.124738445,0.386338855,0.000482923569,0.000483774413,240.200
91,0.558369,0.124735475,0.386606219,0.000483257774,0.000484096138,239.307
92,0.564505,0.124732516,0.386876912,0.00048359614,0.000482194443,238.962
93,0.570641,0.124729553,0.387150897,0.000483938621,0.00048279604,238.156
94,0.576777,0.124726571,0.387428128,0.00048428516,0.00048606809,238.362
95,0.582913,0.124723598,0.38770871,0.000484635887,0.000484472066,239.126
96,0.589049,0.124720619,0.387992601,0.000484990751,0.000485468302,239.403
97,0.595185,0.124717648,0.388279848,0.00048534981,0.00048425647,239.774
98,0.601320,0.124714668,0.38857041,0.000485713013,0.000485721972,239.500
99,0.607456,0.124711665,0.388864253,0.000486080316,0.000489495763,238.749
100,0.613592,0.124708666,0.389161472,0.00048645184,0.000488662451,238.303
101,0.619728,0.124705686,0.389462111,0.000486827639,0.000485684778,238.794
102,0.625864,0.124702709,0.389766139,0.000487207674,0.000485133703,239.165
103,0.632000,0.12469972,0.390073519,0.000487591898,0.000487096121,239.066
104,0.638136,0.124696733,0.390384297,0.000487980371,0.00048687399,238.894
105,0.644272,0.124693731,0.390698432,0.00048837304,0.000489263576,239.198
106,0.650408,0.124690728,0.391015977,0.000488769971,0.000489386278,239.155
107,0.656544,0.124687724,0.391336942,0.000489171177,0.000489541232,238.430
108,0.662680,0.124684717,0.391661326,0.000489576657,0.000490017161,239.145
109,0.668816,0.124681707,0.391989141,0.000489986426,0.000490527705,237.127
110,0.674952,0.124678694,0.392320394,0.000490400493,0.000491172001,238.793
111,0.681087,0.124675674,0.392655089,0.000490818861,0.000492131182,238.656
112,0.687223,0.124672663,0.392993271,0.000491241589,0.000490777249,238.814
113,0.693359,0.124669644,0.393334909,0.000491668636,0.000491938999,238.518
114,0.699495,0.124666618,0.39368001,0.000492100013,0.000493239537,237.696
115,0.705631,0.124663597,0.394028622,0.000492535778,0.000492395062,239.222
116,0.711767,0.124660565,0.394380707,0.000492975884,0.000494091379,237.703
117,0.717903,0.124657521,0.394736268,0.000493420335,0.00049603957,238.301
118,0.724039,0.124654494,0.395095405,0.000493869256,0.000493265091,238.453
119,0.730175,0.124651455,0.395458042,0.000494322553,0.00049531294,237.345
120,0.736311,0.124648401,0.395824178,0.000494780223,0.000497722409,228.005
121,0.742447,0.124645375,0.396193951,0.000495242439,0.000493139505,251.444
122,0.748583,0.124642333,0.396567243,0.000495709053,0.000495770388,254.180
123,0.754719,0.124639289,0.396944103,0.000496180129,0.000496173973,247.815
124,0.760854,0.124636255,0.39732458,0.000496655724,0.000494555632,263.065
125,0.766990,0.1246332,0.397708586,0.000497135732,0.00049781545,268.365
126,0.773126,0.12463014,0.398096184,0.00049762023,0.000498726418,250.775
127,0.779262,0.124627087,0.398487419,0.000498109274,0.000497539244,231.044
128,0.785398,0.124624026,0.398882256,0.00049860282,0.000498916036,234.839
129,0.791534,0.124620955,0.399280701,0.000499100876,0.000500465629,225.918
130,0.797670,0.124617888,0.399682806,0.000499603508,0.000499815238,226.603
131,0.803806,0.124614824,0.400088579,0.000500110723,0.000499351956,235.118
132,0.809942,0.124611746,0.400497976,0.00050062247,0.000501564619,237.658
133,0.816078,0.124608671,0.400911067,0.000501138833,0.000501246251,237.387
134,0.822214,0.124605594,0.40132784,0.0005016598,0.000501469785,240.341
135,0.828350,0.124602514,0.401748304,0.000502185381,0.000501880704,236.932
136,0.834486,0.124599418,0.402172434,0.000502715543,0.000504633474,237.729
137,0.840621,0.124596317,0.402600275,0.000503250344,0.000505406389,236.594
138,0.846757,0.12459324,0.403031921,0.000503789901,0.000501476043,237.983
139,0.852893,0.124590157,0.403467298,0.000504334122,0.000502460185,245.520
140,0.859029,0.124587066,0.403906407,0.000504883009,0.000503763526,250.012
141,0.865165,0.124583965,0.404349256,0.000505436569,0.000505284517,246.953
142,0.871301,0.12458087,0.4047959,0.000505994875,0.00050452394,245.950
143,0.877437,0.124577762,0.405246298,0.000506557872,0.000506472783,244.898
144,0.883573,0.124574642,0.405700463,0.000507125578,0.000508508702,250.674
145,0.889709,0.124571522,0.406158444,0.000507698056,0.000508400651,243.139
146,0.895845,0.124568387,0.406620207,0.000508275259,0.000510879888,239.905
147,0.901981,0.124565266,0.407085851,0.000508857313,0.000508725406,240.407
148,0.908117,0.124562141,0.407555333,0.000509444166,0.000509287759,244.076
149,0.914253,0.124559012,0.408028666,0.000510035833,0.000509968674,237.912
150,0.920388,0.124555862,0.408505807,0.000510632258,0.000513461399,250.081
151,0.926524,0.124552721,0.408986868,0.000511233586,0.000511896754,238.263
152,0.932660,0.124549571,0.409471803,0.000511839753,0.000513269227,250.364
153,0.938796,0.124546412,0.409960616,0.00051245077,0.000514886013,248.624
154,0.944932,0.12454327,0.410453401,0.000513066751,0.00051203906,244.004
155,0.951068,0.12454013,0.410950128,0.00051368766,0.000511658518,238.281
156,0.957204,0.124536977,0.41145076,0.00051431345,0.000513904149,240.797
157,0.963340,0.124533809,0.411955308,0.000514944135,0.00051630643,233.823
158,0.969476,0.124530641,0.412463832,0.000515579791,0.000516374274,243.450
159,0.975612,0.124527483,0.412976369,0.000516220461,0.000514662278,225.954
160,0.981748,0.124524305,0.413492842,0.000516866053,0.000517797462,246.548
161,0.987884,0.124521123,0.41401331,0.000517516638,0.000518699889,238.100
162,0.994020,0.124517948,0.41453783,0.000518172287,0.00051736682,239.832
163,1.000155,0.124514751,0.41506632,0.0005188329,0.000521093283,245.309
164,1.006291,0.124511557,0.41559886,0.000519498575,0.000520515055,247.003
165,1.012427,0.124508367,0.416135476,0.000520169346,0.000519869207,236.125
166,1.018563,0.124505164,0.416676126,0.000520845158,0.000521987082,226.694
167,1.024699,0.124501963,0.417220871,0.000521526089,0.00052176757,242.686
168,1.030835,0.12449876,0.417769711,0.000522212139,0.000521969359,241.056
169,1.036971,0.124495555,0.41832266,0.000522903325,0.000522308271,249.869
170,1.043107,0.12449236,0.418879761,0.000523599701,0.00052073012,241.172
171,1.049243,0.124489146,0.419440951,0.000524301189,0.000523721167,238.560
172,1.055379,0.124485926,0.420006276,0.000525007846,0.000524783888,237.691
173,1.061515,0.124482698,0.420575742,0.000525719677,0.00052614858,238.067
174,1.067651,0.12447946,0.421149359,0.000526436699,0.00052767155,239.141
175,1.073787,0.124476225,0.421727172,0.000527158965,0.000527295839,237.010
176,1.079922,0.124472978,0.422309163,0.000527886453,0.000529231687,243.654
177,1.086058,0.124469732,0.42289538,0.000528619226,0.000528951258,251.662
178,1.092194,0.124466485,0.423485825,0.000529357282,0.000529201895,251.784
179,1.098330,0.124463236,0.424080513,0.000530100641,0.00052956539,236.080
180,1.104466,0.124459967,0.424679401,0.000530849251,0.00053266102,236.852
181,1.110602,0.124456708,0.425282593,0.000531603242,0.000531160658,234.798
182,1.116738,0.124453444,0.425890072,0.00053236259,0.000531928677,237.501
183,1.122874,0.124450185,0.426501862,0.000533127328,0.000531167537,240.292
184,1.129010,0.124446917,0.427117948,0.000533897435,0.000532600446,237.547
185,1.135146,0.124443652,0.427738376,0.00053467297,0.000532109656,238.616
186,1.141282,0.124440373,0.428363107,0.000535453884,0.000534258839,236.334
187,1.147418,0.124437081,0.428992158,0.000536240198,0.000536555655,238.679
188,1.153554,0.124433788,0.429625585,0.000537031981,0.000536684313,249.325
189,1.159689,0.124430493,0.430263399,0.000537829249,0.000537101965,232.682
190,1.165825,0.124427177,0.430905542,0.000538631927,0.000540458807,234.194
191,1.171961,0.124423854,0.431552084,0.000539440106,0.00054144607,246.304
192,1.178097,0.124420527,0.432203054,0.000540253817,0.000542322262,251.883
193,1.184233,0.124417203,0.432858474,0.000541073093,0.000541712789,236.675
194,1.190369,0.124413867,0.433518317,0.000541897896,0.000543609763,246.659
195,1.196505,0.124410549,0.434182694,0.000542728368,0.000540746331,247.779
196,1.202641,0.124407217,0.434851518,0.000543564398,0.000543051714,251.630
197,1.208777,0.124403886,0.435524861,0.000544406076,0.000542899069,237.653
198,1.214913,0.124400536,0.436202661,0.000545253327,0.000545906617,251.301
199,1.221049,0.124397183,0.436884988,0.000546106236,0.000546501279,250.232
200,1.227185,0.124393827,0.437571872,0.00054696484,0.000546960711,269.222
201,1.233321,0.124390462,0.438263295,0.000547829118,0.000548263529,248.480
202,1.239456,0.124387089,0.438959266,0.000548699083,0.000549900314,252.325
203,1.245592,0.124383719,0.439659842,0.000549574802,0.000549256233,244.791
204,1.251728,0.124380322,0.44036495,0.000550456187,0.000553523152,266.372
205,1.257864,0.124376927,0.441074689,0.000551343361,0.000553376462,263.934
206,1.264000,0.124373559,0.441789153,0.000552236441,0.000548878645,261.307
207,1.270136,0.124370175,0.442508231,0.000553135288,0.000551477662,247.393
208,1.276272,0.124366786,0.44323196,0.00055403995,0.000552335409,260.278
209,1.282408,0.124363392,0.443960369,0.000554950462,0.000553091828,244.550
210,1.288544,0.124359978,0.444693429,0.000555866786,0.000556366083,225.345
211,1.294680,0.124356569,0.44543122,0.000556789024,0.000555597954,235.469
212,1.300816,0.124353149,0.446173708,0.000557717135,0.000557419365,241.757
213,1.306952,0.124349718,0.44692093,0.000558651163,0.000559020602,241.050
214,1.313088,0.124346289,0.447672919,0.000559591149,0.000558960428,251.287
215,1.319223,0.124342844,0.448429648,0.00056053706,0.00056150043,260.199
216,1.325359,0.124339395,0.449191155,0.000561488943,0.00056208508,251.539
217,1.331495,0.124335958,0.449957523,0.000562446904,0.000560144721,240.463
218,1.337631,0.124332501,0.450728666,0.000563410832,0.000563340839,241.438
219,1.343767,0.124329036,0.451504623,0.000564380778,0.000564781465,246.627
220,1.349903,0.12432559,0.452285507,0.000565356883,0.000561545379,239.221
221,1.356039,0.124322118,0.453071185,0.000566338982,0.000565808488,246.341
222,1.362175,0.124318637,0.45386175,0.000567327187,0.000567280812,245.125
223,1.368311,0.124315141,0.454657173,0.000568321466,0.000569764596,245.691
224,1.374447,0.124311643,0.455457518,0.000569321897,0.000570057604,251.174
225,1.380583,0.124308143,0.456262806,0.000570328508,0.00057042401,241.251
226,1.386719,0.124304624,0.457072994,0.000571341242,0.000573617752,230.691
227,1.392855,0.124301097,0.457888134,0.000572360167,0.000574776507,251.148
228,1.398990,0.124297591,0.45870834,0.000573385425,0.000571366691,237.969
229,1.405126,0.124294076,0.459533524,0.000574416905,0.000572944769,242.758
230,1.411262,0.124290534,0.460363655,0.000575454569,0.000577162317,261.136
231,1.417398,0.124286996,0.46119885,0.000576498562,0.000576693487,258.776
232,1.423534,0.124283458,0.462039117,0.000577548896,0.000576504391,237.806
233,1.429670,0.124279919,0.462884454,0.000578605568,0.000576905518,244.037
234,1.435806,0.124276362,0.463734847,0.000579668558,0.00057954093,237.545
235,1.441942,0.124272798,0.464590311,0.000580737889,0.000580897354,239.318
236,1.448078,0.124269226,0.465450881,0.000581813601,0.000582099766,239.898
237,1.454214,0.124265648,0.466316585,0.000582895732,0.000583231439,240.180
238,1.460350,0.124262058,0.467187419,0.000583984274,0.000584987215,240.759
239,1.466486,0.124258472,0.468063453,0.000585079317,0.000584373768,259.378
240,1.472622,0.124254884,0.468944663,0.000586180829,0.000584800232,249.553
241,1.478757,0.124251282,0.469831058,0.000587288822,0.000587080612,244.708
242,1.484893,0.124247663,0.470722627,0.000588403284,0.000589859529,253.379
243,1.491029,0.124244052,0.471619472,0.00058952434,0.000588403914,246.556
244,1.497165,0.124240425,0.472521551,0.000590651939,0.000591104863,243.130
245,1.503301,0.124236788,0.473428869,0.000591786086,0.000592863996,244.361
246,1.509437,0.124233144,0.474341491,0.000592926863,0.000593780454,244.771
247,1.515573,0.124229489,0.475259392,0.00059407424,0.000595745801,240.187
248,1.521709,0.124225835,0.476182642,0.000595228302,0.00059540178,238.197
249,1.527845,0.124222181,0.477111239,0.000596389049,0.000595632033,236.612
250,1.533981,0.124218524,0.478045209,0.000597556511,0.000595845904,236.292
251,1.540117,0.124214852,0.478984524,0.000598730655,0.000598561111,234.734
252,1.546253,0.124211189,0.479929286,0.000599911607,0.000596977512,260.687
253,1.552389,0.124207491,0.480879368,0.000601099209,0.000602617763,253.226
254,1.558524,0.124203797,0.4818349,0.000602293625,0.00060210853,256.738
255,1.564660,0.124200095,0.482795884,0.000603494855,0.000603255974,251.696
256,1.570796,0.124196385,0.483762334,0.000604702918,0.000604765331,242.351
257,1.576932,0.124192658,0.484734224,0.00060591778,0.000607331974,240.168
258,1.583068,0.12418893,0.48571163,0.000607139538,0.000607504372,238.282
259,1.589204,0.124185199,0.486694557,0.000608368197,0.000608063475,230.375
260,1.595340,0.124181466,0.487683044,0.000609603805,0.000608422059,235.076
261,1.601476,0.124177712,0.488677036,0.000610846295,0.000611816763,238.103
262,1.607612,0.124173963,0.489676627,0.000612095784,0.000610990496,238.230
263,1.613748,0.124170195,0.490681792,0.00061335224,0.000614082209,243.621
264,1.619884,0.124166417,0.491692561,0.000614615702,0.000615667274,235.481
265,1.626020,0.124162625,0.492708926,0.000615886158,0.000617954802,237.313
266,1.632156,0.124158845,0.493730981,0.000617163726,0.000616080367,231.504
267,1.638291,0.124155052,0.494758693,0.000618448366,0.00061827809,234.860
268,1.644427,0.124151239,0.495792032,0.00061974004,0.00062141351,234.119
269,1.650563,0.124147426,0.49683112,0.0006210389,0.000621390493,231.242
270,1.656699,0.124143606,0.497875924,0.000622344906,0.00062254095,252.087
271,1.662835,0.124139778,0.498926459,0.000623658074,0.00062396046,254.781
272,1.668971,0.124135938,0.49998273,0.000624978412,0.000625778875,254.263
273,1.675107,0.124132091,0.501044796,0.000626305995,0.000626952108,254.558
274,1.681243,0.124128245,0.502112688,0.00062764086,0.000626685597,243.150
275,1.687379,0.12412437,0.503186314,0.000628982893,0.000631564278,235.582
276,1.693515,0.124120493,0.50426579,0.000630332237,0.000631869991,237.608
277,1.699651,0.124116615,0.50535115,0.000631688937,0.000632051867,239.337
278,1.705787,0.124112714,0.506442319,0.000633052899,0.00063566153,232.032
279,1.711923,0.124108822,0.50753943,0.000634424288,0.000634309143,228.696
280,1.718058,0.124104923,0.508642459,0.000635803074,0.000635543793,244.616
281,1.724194,0.124101013,0.509751401,0.000637189251,0.000637248407,237.185
282,1.730330,0.124097092,0.510866281,0.000638582851,0.000639016788,238.580
283,1.736466,0.124093169,0.511987133,0.000639983916,0.000639306322,253.426
284,1.742602,0.124089237,0.513113995,0.000641392494,0.000640769088,258.111
285,1.748738,0.124085287,0.514246818,0.000642808523,0.000643811792,240.513
286,1.754874,0.124081318,0.515385624,0.00064423203,0.00064683912,238.111
287,1.761010,0.124077359,0.516530537,0.000645663171,0.000645236037,259.821
288,1.767146,0.124073394,0.517681527,0.000647101909,0.000646160326,242.085
289,1.773282,0.124069432,0.518838621,0.000648548276,0.000645673095,243.479
290,1.779418,0.124065447,0.520001769,0.000650002211,0.0006494956,235.631
291,1.785554,0.124061464,0.521171074,0.000651463842,0.000649115384,237.447
292,1.791690,0.124057456,0.522346475,0.000652933093,0.000653145622,238.796
293,1.797825,0.124053447,0.523528051,0.000654410063,0.000653570834,236.014
294,1.803961,0.124049422,0.524715796,0.000655894745,0.000655822089,250.735
295,1.810097,0.124045382,0.525909722,0.000657387152,0.000658500862,241.812
296,1.816233,0.124041336,0.527109879,0.000658887349,0.000659316782,243.994
297,1.822369,0.124037284,0.528316285,0.000660395356,0.000660376767,244.073
298,1.828505,0.124033234,0.529528964,0.000661911205,0.000660051764,245.375
299,1.834641,0.124029178,0.530747949,0.000663434937,0.000661004838,244.287
300,1.840777,0.124025083,0.531973133,0.000664966416,0.000667439121,238.570
301,1.846913,0.124020987,0.533204656,0.00066650582,0.000667543024,232.002
302,1.853049,0.124016879,0.534442519,0.000668053149,0.000669416271,232.069
303,1.859185,0.124012769,0.53568676,0.00066960845,0.000669782115,227.898
304,1.865321,0.124008656,0.536937392,0.000671171739,0.000670445319,242.105
305,1.871457,0.124004525,0.538194403,0.000672743003,0.000673213375,240.814
306,1.877592,0.124000389,0.539457854,0.000674322318,0.000674124741,242.125
307,1.883728,0.123996256,0.540727766,0.000675909708,0.000673514171,255.486
308,1.889864,0.123992088,0.542004058,0.000677505072,0.000679369128,238.973
309,1.896000,0.123987924,0.54328688,0.0006791086,0.000678584983,236.447
310,1.902136,0.123983741,0.544576169,0.000680720211,0.000681746381,252.106
311,1.908272,0.123979562,0.545872007,0.000682340009,0.000680971306,253.474
312,1.914408,0.12397537,0.547174378,0.000683967972,0.000683216305,250.369
313,1.920544,0.123971162,0.548483293,0.000685604116,0.000685801676,243.676
314,1.926680,0.123966939,0.549798782,0.000687248477,0.000688279503,247.701
315,1.932816,0.123962709,0.551120874,0.000688901093,0.000689381431,250.473
316,1.938952,0.12395847,0.552449585,0.000690561981,0.00069071011,244.568
317,1.945088,0.123954225,0.553784948,0.000692231185,0.000691967249,254.531
318,1.951224,0.123949982,0.555127008,0.00069390876,0.000691389837,254.556
319,1.957359,0.123945716,0.556475712,0.00069559464,0.000695443737,241.293
320,1.963495,0.123941441,0.557831148,0.000697288934,0.000696608165,242.328
321,1.969631,0.123937149,0.55919326,0.000698991574,0.00069955126,241.530
322,1.975767,0.123932855,0.560562144,0.00070070268,0.000699761982,240.857
323,1.981903,0.123928545,0.561937778,0.000702422222,0.000702369145,240.750
324,1.988039,0.12392423,0.563320205,0.000704150257,0.00070323062,241.738
325,1.994175,0.123919898,0.564709422,0.000705886777,0.00070608583,240.388
326,2.000311,0.123915559,0.566105481,0.000707631851,0.000707083197,237.726
327,2.006447,0.123911223,0.567508422,0.000709385527,0.000706595085,242.222
328,2.012583,0.123906867,0.568918203,0.000711147754,0.000709973235,241.089
329,2.018719,0.123902483,0.570334812,0.000712918515,0.000714406458,240.757
330,2.024855,0.123898105,0.571758398,0.000714697997,0.000713527437,243.643
331,2.030991,0.123893698,0.573188843,0.000716486054,0.00071828684,243.475
332,2.037126,0.123889276,0.574626228,0.000718282785,0.000720807974,237.028
333,2.043262,0.123884877,0.576070685,0.000720088357,0.000716893693,237.439
334,2.049398,0.123880446,0.577522065,0.000721902581,0.000722066338,238.945
335,2.055534,0.123876014,0.578980505,0.000723725631,0.00072229438,246.218
336,2.061670,0.123871557,0.580445905,0.000725557381,0.000726420361,240.304
337,2.067806,0.123867092,0.58191837,0.000727397963,0.000727717743,233.847
338,2.073942,0.123862619,0.583397933,0.000729247417,0.000728892726,236.939
339,2.080078,0.123858135,0.584884584,0.00073110573,0.000730795498,238.537
340,2.086214,0.123853627,0.586378318,0.000732972897,0.000734706047,236.374
341,2.092350,0.123849106,0.587879184,0.00073484898,0.000736812149,231.807
342,2.098486,0.123844599,0.58938729,0.000736734113,0.000734546117,256.806
343,2.104622,0.123840075,0.590902559,0.000738628198,0.000737226131,237.176
344,2.110758,0.123835523,0.592424978,0.000740531222,0.000741911768,238.297
345,2.116893,0.123830966,0.593954642,0.000742443303,0.000742741315,230.897
346,2.123029,0.123826405,0.595491577,0.000744364471,0.000743287449,238.814
347,2.129165,0.123821824,0.597035748,0.000746294685,0.000746632045,233.913
348,2.135301,0.123817219,0.598587159,0.000748233948,0.000750434157,262.711
349,2.141437,0.123812608,0.6001459,0.000750182375,0.000751522679,260.542
350,2.147573,0.123807996,0.601711984,0.00075213998,0.000751645199,257.137
351,2.153709,0.123803373,0.603285433,0.000754106791,0.0007532843,258.741
352,2.159845,0.123798737,0.604866232,0.00075608279,0.000755676705,236.797
353,2.165981,0.12379409,0.606454449,0.000758068061,0.000757330406,237.215
354,2.172117,0.123789426,0.60805005,0.000760062562,0.000760048744,257.496
355,2.178253,0.123784748,0.60965309,0.000762066362,0.000762349717,251.400
356,2.184389,0.123780051,0.611263551,0.000764079439,0.000765520921,245.109
357,2.190525,0.123775338,0.612881494,0.000766101868,0.000768020867,248.490
358,2.196660,0.123770615,0.614506916,0.000768133646,0.000769888458,246.294
359,2.202796,0.123765899,0.616139931,0.000770174913,0.000768582291,241.574
360,2.208932,0.123761163,0.617780469,0.000772225587,0.000771898667,232.093
361,2.215068,0.123756406,0.619428554,0.000774285693,0.000775182585,237.229
362,2.221204,0.123751648,0.62108424,0.0007763553,0.00077539767,233.978
363,2.227340,0.123746866,0.622747497,0.000778434371,0.000779332487,237.929
364,2.233476,0.123742068,0.624418351,0.000780522938,0.000781937967,239.453
365,2.239612,0.123737259,0.62609686,0.000782621075,0.000783872657,229.945
366,2.245748,0.123732434,0.627783042,0.000784728803,0.000786323194,243.346
367,2.251884,0.123727618,0.629476975,0.000786846219,0.000784755361,244.482
368,2.258020,0.123722777,0.631178605,0.000788973257,0.000788974807,244.202
369,2.264156,0.123717924,0.632887941,0.000791109926,0.000790895215,244.427
370,2.270292,0.123713057,0.634605051,0.000793256314,0.000793273183,246.187
371,2.276427,0.123708163,0.636329862,0.000795412328,0.000797666408,243.570
372,2.282563,0.123703277,0.638062553,0.000797578192,0.000796318858,247.108
373,2.288699,0.123698355,0.639802991,0.000799753739,0.000802153449,244.903
374,2.294835,0.123693423,0.641551281,0.000801939101,0.000803763551,242.400
375,2.300971,0.12368849,0.643307463,0.000804134328,0.000803903212,244.659
376,2.307107,0.123683547,0.645071543,0.000806339429,0.000805659435,261.384
377,2.313243,0.123678587,0.646843509,0.000808554386,0.000808357761,260.607
378,2.319379,0.123673603,0.648623389,0.000810779237,0.000812207928,258.185
379,2.325515,0.123668616,0.650411251,0.000813014064,0.000812665256,236.183
380,2.331651,0.123663616,0.652207095,0.000815258869,0.000814983813,238.994
381,2.337787,0.123658596,0.654010903,0.000817513628,0.000818117045,257.501
382,2.343923,0.123653555,0.655822696,0.00081977837,0.000821519454,255.417
383,2.350059,0.123648514,0.6576426,0.00082205325,0.000821582438,243.121
384,2.356194,0.123643476,0.659470601,0.000824338251,0.000821198185,247.814
385,2.362330,0.123638404,0.661306631,0.000826633288,0.000826476828,252.865
386,2.368466,0.123633321,0.663150765,0.000828938456,0.000828363452,246.600
387,2.374602,0.123628215,0.665002989,0.000831253736,0.000832283305,246.307
388,2.380738,0.123623097,0.666863376,0.000833579221,0.000833993997,241.202
389,2.386874,0.123617968,0.668731941,0.000835914927,0.000835934006,233.636
390,2.393010,0.123612825,0.670608696,0.00083826087,0.000838196871,233.172
391,2.399146,0.12360766,0.672493672,0.000840617089,0.000841763749,240.178
392,2.405282,0.123602499,0.67438691,0.000842983637,0.000841012607,237.405
393,2.411418,0.123597325,0.676288426,0.000845360533,0.000843190621,247.603
394,2.417554,0.123592121,0.678198175,0.000847747718,0.000848141354,246.722
395,2.423690,0.123586898,0.68011621,0.000850145263,0.000851230514,245.981
396,2.429826,0.123581671,0.68204261,0.000852553263,0.000851904243,239.660
397,2.435961,0.123576421,0.683977327,0.000854971659,0.000855685598,228.541
398,2.442097,0.123571158,0.685920456,0.00085740057,0.000857763379,231.980
399,2.448233,0.123565884,0.687871985,0.000859839981,0.000859506622,235.855
400,2.454369,0.123560586,0.689831889,0.000862289862,0.000863437365,238.000
401,2.460505,0.12355528,0.691800277,0.000864750346,0.000864702621,229.266
402,2.466641,0.12354995,0.6937771,0.000867221376,0.000868600639,234.724
403,2.472777,0.123544621,0.695762454,0.000869703068,0.000868619538,232.460
404,2.478913,0.123539268,0.697756324,0.000872195405,0.000872270466,259.276
405,2.485049,0.123533902,0.699758724,0.000874698405,0.000874578272,256.144
406,2.491185,0.123528508,0.701769647,0.000877212058,0.000879055657,254.299
407,2.497321,0.123523111,0.703789189,0.000879736486,0.000879562906,241.850
408,2.503457,0.12351771,0.705817371,0.000882271714,0.000880195542,240.288
409,2.509593,0.12351228,0.707854145,0.000884817681,0.000884977682,230.626
410,2.515728,0.123506842,0.709899576,0.00088737447,0.000886392721,235.593
411,2.521864,0.123501386,0.711953692,0.000889942115,0.000889092927,228.326
412,2.528000,0.1234959,0.714016486,0.000892520607,0.00089407285,243.022
413,2.534136,0.123490408,0.716088036,0.000895110044,0.000895079269,243.659
414,2.540272,0.123484899,0.718168354,0.000897710443,0.000897842417,252.511
415,2.546408,0.123479365,0.720257413,0.000900321766,0.000901853028,238.312
416,2.552544,0.123473833,0.722355319,0.000902944148,0.000901639535,236.228
417,2.558680,0.123468265,0.724461993,0.000905577491,0.00090740695,245.249
418,2.564816,0.123462685,0.726577535,0.000908221918,0.000909292772,244.991
419,2.570952,0.123457093,0.72870196,0.00091087745,0.000911427826,245.211
420,2.577088,0.123451487,0.730835294,0.000913544117,0.00091354624,243.031
421,2.583224,0.123445854,0.732977523,0.000916221904,0.000918098969,244.490
422,2.589360,0.123440207,0.735128721,0.000918910902,0.000920324709,244.822
423,2.595495,0.123434546,0.737288918,0.000921611147,0.000922741855,244.610
424,2.601631,0.123428864,0.739458076,0.000924322595,0.000925965898,239.065
425,2.607767,0.123423184,0.741636366,0.000927045457,0.000925655514,238.009
426,2.613903,0.123417475,0.743823685,0.000929779606,0.000930402303,242.119
427,2.620039,0.123411745,0.746020059,0.000932525073,0.000933919613,239.420
428,2.626175,0.123405996,0.748225541,0.000935281926,0.000936872777,235.927
429,2.632311,0.123400227,0.750440158,0.000938050197,0.000940222951,233.829
430,2.638447,0.123394455,0.752664011,0.000940830014,0.000940729114,236.901
431,2.644583,0.123388657,0.754897011,0.000943621264,0.000944937452,244.436
432,2.650719,0.123382862,0.7571393,0.000946424126,0.000944407795,245.315
433,2.656855,0.123377033,0.75939081,0.000949238513,0.000949932517,243.962
434,2.662991,0.123371182,0.761651589,0.000952064487,0.000953584443,244.597
435,2.669127,0.123365328,0.763921704,0.00095490213,0.000953971948,244.391
436,2.675262,0.123359454,0.766201175,0.000957751469,0.00095747827,244.503
437,2.681398,0.123353556,0.768490016,0.000960612519,0.000961227617,244.962
438,2.687534,0.123347645,0.770788274,0.000963485343,0.000963293869,263.068
439,2.693670,0.123341707,0.773095929,0.000966369911,0.000967752753,261.945
440,2.699806,0.123335766,0.775413091,0.000969266364,0.000968155361,235.133
441,2.705942,0.123329811,0.777739765,0.000972174707,0.000970637489,243.026
442,2.712078,0.123323826,0.780075937,0.000975094921,0.000975300548,242.577
443,2.718214,0.123317822,0.782421648,0.00097802706,0.000978474178,232.805
444,2.724350,0.123311801,0.784776955,0.000980971194,0.000981233931,235.581
445,2.730486,0.123305764,0.787141903,0.000983927379,0.000983874905,237.404
446,2.736622,0.123299709,0.789516512,0.000986895639,0.000986778574,236.468
447,2.742758,0.123293631,0.791900778,0.000989875973,0.000990560767,232.423
448,2.748894,0.123287547,0.794294808,0.000992868511,0.000991599313,247.678
449,2.755029,0.123281439,0.796698571,0.000995873214,0.000995613698,242.408
450,2.761165,0.123275313,0.799112154,0.000998890193,0.000998310951,241.467
451,2.767301,0.123269163,0.801535524,0.00100191941,0.00100236405,239.274
452,2.773437,0.123262989,0.803968746,0.00100496093,0.00100605435,254.712
453,2.779573,0.123256805,0.806411888,0.00100801486,0.00100794467,265.532
454,2.785709,0.123250601,0.808865002,0.00101108125,0.00101095856,232.787
455,2.791845,0.123244369,0.811328023,0.00101416003,0.0010157384,229.747
456,2.797981,0.123238133,0.813801096,0.00101725137,0.00101636289,229.495
457,2.804117,0.12323186,0.816284176,0.00102035522,0.00102216711,230.172
458,2.810253,0.123225575,0.818777372,0.00102347171,0.00102434119,226.744
459,2.816389,0.123219287,0.821280751,0.00102660094,0.00102484181,229.301
460,2.822525,0.123212963,0.823794276,0.00102974285,0.00103063291,229.105
461,2.828661,0.123206618,0.826317979,0.00103289747,0.00103396388,243.220
462,2.834796,0.123200255,0.828851923,0.0010360649,0.00103720563,241.111
463,2.840932,0.123193877,0.831396179,0.00103924522,0.00103948404,251.024
464,2.847068,0.123187493,0.833950825,0.00104243853,0.00104040141,252.010
465,2.853204,0.123181079,0.836515818,0.00104564477,0.00104528609,237.535
466,2.859340,0.123174631,0.839091175,0.00104886397,0.00105085038,251.147
467,2.865476,0.123168179,0.84167708,0.00105209635,0.00105149637,243.606
468,2.871612,0.123161704,0.844273474,0.00105534184,0.00105531802,229.767
469,2.877748,0.12315521,0.846880459,0.00105860057,0.001058353,231.651
470,2.883884,0.123148682,0.849497999,0.0010618725,0.00106386202,255.765
471,2.890020,0.12314215,0.852126218,0.00106515777,0.00106452809,248.842
472,2.896156,0.123135598,0.854765164,0.00106845645,0.00106778826,254.677
473,2.902292,0.123129037,0.857414911,0.00107176864,0.0010692796,250.400
474,2.908428,0.12312244,0.860075431,0.00107509429,0.00107507718,249.238
475,2.914563,0.123115819,0.862746793,0.00107843349,0.00107925498,225.461
476,2.920699,0.123109184,0.865429089,0.00108178636,0.00108135743,247.093
477,2.926835,0.123102518,0.86812229,0.00108515286,0.00108634125,239.713
478,2.932971,0.123095837,0.870826531,0.00108853316,0.00108884728,247.753
479,2.939107,0.123089142,0.873541883,0.00109192735,0.00109100596,248.485
480,2.945243,0.123082423,0.876268383,0.00109533548,0.00109500529,240.532
481,2.951379,0.123075672,0.879006008,0.00109875751,0.00110032786,243.285
482,2.957515,0.123068905,0.88175491,0.00110219364,0.00110283397,245.444
483,2.963651,0.123062124,0.884515179,0.00110564397,0.00110506707,244.314
484,2.969787,0.123055321,0.887286796,0.00110910849,0.00110866737,243.860
485,2.975923,0.123048492,0.890069855,0.00111258732,0.00111301118,241.979
486,2.982059,0.123041641,0.892864403,0.0011160805,0.00111642339,243.071
487,2.988195,0.123034768,0.895670505,0.00111958813,0.00112010319,263.722
488,2.994330,0.12302789,0.898488305,0.00112311038,0.00112122318,264.033
489,3.000466,0.12302098,0.901317781,0.00112664723,0.00112612021,263.582
490,3.006602,0.123014045,0.904159005,0.00113019876,0.00113019467,260.870
491,3.012738,0.123007086,0.907012052,0.00113376506,0.00113415775,226.591
492,3.018874,0.123000101,0.909876974,0.00113734622,0.00113828269,230.523
493,3.025010,0.122993101,0.912753958,0.00114094245,0.00114088793,228.609
494,3.031146,0.122986084,0.915642992,0.00114455374,0.00114361269,248.742
495,3.037282,0.122979041,0.91854415,0.00114818019,0.00114775733,241.476
496,3.043418,0.122971975,0.921457528,0.00115182191,0.00115149652,241.928
497,3.049554,0.122964895,0.924383224,0.00115547903,0.00115397931,269.170
498,3.055690,0.122957772,0.927321217,0.00115915152,0.00116074758,269.233
499,3.061826,0.122950627,0.930271682,0.0011628396,0.00116452231,269.433
500,3.067962,0.122943467,0.933234733,0.00116654342,0.00116689852,266.032
501,3.074097,0.122936278,0.936210386,0.00117026298,0.00117179046,266.544
502,3.080233,0.122929084,0.939198808,0.00117399851,0.00117241839,262.419
503,3.086369,0.122921849,0.942199996,0.00117774999,0.00117907472,266.389
504,3.092505,0.122914595,0.945214096,0.00118151762,0.00118211404,261.632
505,3.098641,0.122907314,0.9482412,0.0011853015,0.00118666098,264.466
506,3.104777,0.122900025,0.951281425,0.00118910178,0.0011879777,248.906
507,3.110913,0.1228927,0.954334793,0.00119291849,0.00119374432,234.402
508,3.117049,0.122885343,0.957401428,0.00119675179,0.00119899746,248.417
509,3.123185,0.122877964,0.960481437,0.0012006018,0.00120260482,245.090
510,3.129321,0.122870566,0.963574983,0.00120446873,0.00120567872,252.727
511,3.135457,0.122863147,0.96668216,0.0012083527,0.00120896981,250.563
512,3.141593,0.122855714,0.969803047,0.00121225381,0.00121148111,243.836
513,3.147729,0.122848245,0.972937723,0.00121617215,0.00121717935,230.675
514,3.153864,0.122840756,0.976086374,0.00122010797,0.00122070912,245.953
515,3.160000,0.122833244,0.9792491,0.00122406138,0.00122430652,249.789
516,3.166136,0.122825695,0.982425951,0.00122803244,0.00123021904,239.828
517,3.172272,0.122818141,0.985617142,0.00123202143,0.00123108967,253.633
518,3.178408,0.122810557,0.988822724,0.00123602841,0.00123605668,253.408
519,3.184544,0.122802946,0.992042849,0.00124005356,0.00124025448,252.416
520,3.190680,0.122795322,0.995277679,0.0012440971,0.00124265066,252.631
521,3.196816,0.122787656,0.998527259,0.00124815907,0.00124920925,252.028
522,3.202952,0.122779964,1.00179179,0.00125223974,0.00125367237,253.426
523,3.209088,0.122772242,1.00507138,0.00125633923,0.00125851513,247.133
524,3.215224,0.122764501,1.00836622,0.00126045777,0.00126146542,255.055
525,3.221360,0.12275674,1.01167641,0.00126459552,0.00126485582,248.524
526,3.227496,0.122748948,1.01500211,0.00126875264,0.00126992982,269.956
527,3.233632,0.12274115,1.01834353,0.00127292941,0.00127085361,244.898
528,3.239767,0.122733316,1.02170072,0.0012771259,0.00127685652,270.996
529,3.245903,0.122725462,1.02507389,0.00128134237,0.00128003839,266.284
530,3.252039,0.122717576,1.0284632,0.001285579,0.00128521186,227.389
531,3.258175,0.122709655,1.03186875,0.00128983594,0.00129086753,234.628
532,3.264311,0.122701705,1.03529072,0.00129411339,0.00129571261,232.766
533,3.270447,0.122693741,1.03872935,0.00129841169,0.00129788097,225.966
534,3.276583,0.122685753,1.04218479,0.00130273099,0.00130183633,231.772
535,3.282719,0.122677728,1.04565718,0.00130707147,0.00130788106,239.205
536,3.288855,0.122669674,1.04914669,0.00131143336,0.00131257914,237.946
537,3.294991,0.122661597,1.05265357,0.00131581696,0.00131632848,227.967
538,3.301127,0.122653493,1.056178,0.00132022249,0.00132061464,232.975
539,3.307263,0.122645349,1.05972007,0.00132465009,0.00132735077,236.683
540,3.313399,0.122637211,1.06328019,0.00132910024,0.00132631353,237.412
541,3.319534,0.122629033,1.06685839,0.00133357299,0.00133300051,249.816
542,3.325670,0.122620824,1.0704549,0.00133806863,0.00133771337,252.202
543,3.331806,0.122612585,1.07406994,0.00134258743,0.00134281168,248.459
544,3.337942,0.12260431,1.07770365,0.00134712957,0.00134857725,254.095
545,3.344078,0.122596018,1.08135639,0.00135169548,0.00135135784,252.837
546,3.350214,0.122587691,1.08502826,0.00135628532,0.0013571358,250.938
547,3.356350,0.122579321,1.0887195,0.00136089938,0.00136410423,248.455
548,3.362486,0.122570949,1.09243045,0.00136553806,0.00136428854,251.657
549,3.368622,0.122562543,1.09616124,0.00137020155,0.00136998873,243.158
550,3.374758,0.122554098,1.09991211,0.00137489014,0.00137626513,245.696
551,3.380894,0.122545633,1.1036834,0.00137960424,0.00137954606,243.834
552,3.387030,0.122537139,1.10747527,0.00138434409,0.00138427471,248.753
553,3.393166,0.122528603,1.11128794,0.00138910992,0.00139112914,246.141
554,3.399301,0.122520045,1.11512175,0.00139390218,0.00139505106,249.939
555,3.405437,0.122511476,1.11897698,0.00139872123,0.00139645151,254.598
556,3.411573,0.122502855,1.12285378,0.00140356723,0.00140507537,247.472
557,3.417709,0.122494218,1.12675256,0.0014084407,0.00140761314,246.397
558,3.423845,0.122485539,1.13067351,0.00141334188,0.00141437931,247.373
559,3.429981,0.122476826,1.13461689,0.00141827111,0.0014199588,247.376
560,3.436117,0.122468083,1.13858306,0.00142322883,0.00142489817,245.948
561,3.442253,0.12245931,1.14257231,0.00142821539,0.0014298159,255.446
562,3.448389,0.122450511,1.14658494,0.00143323117,0.00143396068,254.131
563,3.454525,0.122441686,1.15062122,0.00143827652,0.00143818154,251.085
564,3.460661,0.122432829,1.15468149,0.00144335186,0.00144347506,266.832
565,3.466797,0.122423937,1.15876605,0.00144845756,0.00144921336,252.514
566,3.472933,0.122415009,1.16287523,0.00145359403,0.00145500052,253.795
567,3.479068,0.12240605,1.1670093,0.00145876163,0.00146029367,247.222
568,3.485204,0.122397067,1.1711687,0.00146396087,0.00146392771,255.118
569,3.491340,0.122388057,1.17535371,0.00146919214,0.0014683758,255.971
570,3.497476,0.122379009,1.17956466,0.00147445583,0.00147466276,252.620
571,3.503612,0.122369913,1.18380183,0.00147975228,0.00148237411,248.445
572,3.509748,0.122360786,1.18806563,0.00148508204,0.00148741478,238.075
573,3.515884,0.122351636,1.19235653,0.00149044566,0.00149126011,246.900
574,3.522020,0.122342451,1.19667479,0.00149584348,0.00149683974,228.150
575,3.528156,0.122333235,1.2010208,0.001501276,0.00150197249,251.820
576,3.534292,0.122323983,1.2053949,0.00150674363,0.00150774181,250.520
577,3.540428,0.122314697,1.2097975,0.00151224687,0.00151344409,233.345
578,3.546564,0.122305383,1.21422897,0.00151778621,0.0015179295,232.758
579,3.552700,0.122296032,1.21868969,0.00152336211,0.00152393727,247.924
580,3.558835,0.122286646,1.22318008,0.0015289751,0.00152996143,248.207
581,3.564971,0.122277219,1.2277005,0.00153462563,0.00153634693,245.146
582,3.571107,0.122267756,1.2322514,0.00154031425,0.00154215319,246.347
583,3.577243,0.12225826,1.23683316,0.00154604145,0.00154751274,247.496
584,3.583379,0.122248735,1.24144624,0.0015518078,0.00155237877,246.415
585,3.589515,0.122239171,1.24609102,0.00155761378,0.0015586648,246.440
586,3.595651,0.122229582,1.25076794,0.00156345992,0.00156270209,248.156
587,3.601787,0.122219951,1.2554774,0.00156934675,0.00156972303,248.109
588,3.607923,0.122210284,1.26021983,0.00157527479,0.00157538106,247.254
589,3.614059,0.12220057,1.26499564,0.00158124455,0.00158311071,236.818
590,3.620195,0.12219082,1.26980528,0.0015872566,0.00158900673,239.017
591,3.626331,0.122181045,1.27464927,0.00159331159,0.00159305253,238.782
592,3.632467,0.12217122,1.27952795,0.00159940994,0.00160123528,238.622
593,3.638602,0.122161361,1.28444189,0.00160555236,0.00160692094,234.866
594,3.644738,0.122151478,1.28939145,0.00161173931,0.00161074408,229.453
595,3.650874,0.122141548,1.29437712,0.0016179714,0.00161824116,235.178
596,3.657010,0.122131572,1.2993993,0.00162424912,0.00162581141,246.480
597,3.663146,0.122121553,1.30445846,0.00163057307,0.00163287729,245.646
598,3.669282,0.122111502,1.30955515,0.00163694394,0.00163795123,232.275
599,3.675418,0.122101417,1.31468977,0.00164336222,0.00164359923,230.409
600,3.681554,0.122091285,1.31986277,0.00164982846,0.00165135094,234.758
601,3.687690,0.122081128,1.32507469,0.00165634336,0.00165518351,238.120
602,3.693826,0.12207092,1.33032586,0.00166290733,0.00166371409,238.328
603,3.699962,0.12206067,1.33561683,0.00166952104,0.00167044713,262.404
604,3.706098,0.122050374,1.3409481,0.00167618512,0.00167793588,248.091
605,3.712234,0.122040048,1.3463201,0.00168290013,0.00168293229,253.016
606,3.718369,0.122029681,1.35173332,0.00168966665,0.00168983974,270.084
607,3.724505,0.122019267,1.35718817,0.00169648522,0.00169705382,243.341
608,3.730641,0.122008806,1.36268514,0.00170335642,0.0017049128,269.005
609,3.736777,0.121998311,1.36822473,0.00171028091,0.00171040786,267.825
610,3.742913,0.12198777,1.37380737,0.00171725921,0.001717928,263.989
611,3.749049,0.121977179,1.37943351,0.00172429189,0.001725974,248.114
612,3.755185,0.121966549,1.38510366,0.00173137957,0.00173248941,247.480
613,3.761321,0.121955869,1.39081822,0.00173852277,0.00174051199,247.646
614,3.767457,0.121945151,1.3965777,0.00174572212,0.00174667628,246.309
615,3.773593,0.121934399,1.40238255,0.00175297819,0.0017522972,254.728
616,3.779729,0.121923602,1.40823318,0.00176029148,0.00175957675,248.072
617,3.785865,0.121912749,1.41413,0.0017676625,0.00176878662,267.082
618,3.792001,0.121901847,1.42007348,0.00177509185,0.00177674464,266.437
619,3.798136,0.12189089,1.42606402,0.00178258003,0.00178598006,268.188
620,3.804272,0.121879894,1.43210212,0.00179012765,0.00179212541,269.069
621,3.810408,0.121868855,1.43818817,0.00179773521,0.00179894241,270.226
622,3.816544,0.121857769,1.44432258,0.00180540323,0.0018067515,242.223
623,3.822680,0.121846641,1.45050582,0.00181313228,0.00181354161,248.777
624,3.828816,0.121835466,1.4567382,0.00182092276,0.00182122325,247.915
625,3.834952,0.121824246,1.46302019,0.00182877523,0.00182857416,238.390
626,3.841088,0.121812963,1.46935214,0.00183669017,0.00183877438,238.085
627,3.847224,0.121801638,1.4757344,0.001844668,0.00184567548,237.982
628,3.853360,0.121790262,1.48216736,0.0018527092,0.0018540307,238.345
629,3.859496,0.121778826,1.4886514,0.00186081425,0.00186380241,239.408
630,3.865632,0.121767346,1.49518688,0.0018689836,0.00187081724,239.812
631,3.871768,0.121755833,1.50177421,0.00187721776,0.00187627148,236.754
632,3.877903,0.121744265,1.50841364,0.00188551705,0.00188569652,240.398
633,3.884039,0.121732647,1.51510549,0.00189388187,0.00189341435,246.847
634,3.890175,0.121720969,1.52185013,0.00190231267,0.00190320567,243.132
635,3.896311,0.121709234,1.52864777,0.00191080971,0.00191247632,239.202
636,3.902447,0.12169744,1.53549877,0.00191937346,0.0019220699,241.376
637,3.908583,0.121685588,1.54240337,0.00192800421,0.00193155857,239.280
638,3.914719,0.121673696,1.54936193,0.00193670242,0.00193812297,240.011
639,3.920855,0.121661759,1.55637474,0.00194546842,0.00194529054,241.403
640,3.926991,0.121649758,1.56344186,0.00195430233,0.00195585288,241.435
641,3.933127,0.121637712,1.57056373,0.00196320466,0.00196312935,231.952
642,3.939263,0.121625604,1.57774043,0.00197217553,0.00197332606,234.708
643,3.945399,0.121613432,1.5849722,0.00198121525,0.0019836665,235.065
644,3.951535,0.121601205,1.59225923,0.00199032404,0.001992741,248.156
645,3.957670,0.121588916,1.59960176,0.00199950221,0.0020030747,246.370
646,3.963806,0.121576571,1.60699989,0.00200874987,0.00201181383,262.947
647,3.969942,0.121564184,1.61445388,0.00201806736,0.00201883288,248.938
648,3.976078,0.121551732,1.62196378,0.00202745472,0.00202937446,251.792
649,3.982214,0.121539221,1.62952973,0.00203691217,0.002038959,247.100
650,3.988350,0.121526643,1.63715184,0.0020464398,0.00204983943,264.522
651,3.994486,0.121514018,1.64483028,0.00205603785,0.00205746484,267.734
652,4.000622,0.121501326,1.65256503,0.00206570629,0.00206846497,247.030
653,4.006758,0.121488571,1.6603562,0.00207544525,0.00207880216,251.779
654,4.012894,0.121475762,1.66820387,0.00208525483,0.00208736325,249.577
655,4.019030,0.121462903,1.6761081,0.00209513513,0.0020958096,236.039
656,4.025166,0.121449972,1.68406883,0.00210508603,0.00210726907,239.475
657,4.031302,0.121436991,1.69208616,0.00211510771,0.00211563658,247.031
658,4.037437,0.121423931,1.70016001,0.00212520002,0.00212877514,248.334
659,4.043573,0.121410817,1.70829042,0.00213536302,0.00213723232,242.853
660,4.049709,0.121397638,1.7164773,0.00214559663,0.00214780919,245.714
661,4.055845,0.12138439,1.72472058,0.00215590073,0.00215909436,248.004
662,4.061981,0.121371096,1.73302031,0.00216627539,0.00216648467,247.853
663,4.068117,0.121357738,1.74137629,0.00217672037,0.00217702643,253.688
664,4.074253,0.121344305,1.74978841,0.00218723551,0.00218910078,268.194
665,4.080389,0.12133081,1.75825661,0.00219782077,0.00219932722,242.912
666,4.086525,0.121317243,1.7667807,0.00220847588,0.00221119101,246.597
667,4.092661,0.121303611,1.77536064,0.0022192008,0.00222153537,248.395
668,4.098797,0.12128991,1.78399616,0.0022299952,0.00223291289,249.881
669,4.104933,0.121276132,1.7926871,0.00224085888,0.00224536614,249.559
670,4.111069,0.121262311,1.80143338,0.00225179172,0.00225257609,246.088
671,4.117204,0.121248406,1.81023457,0.00226279322,0.00226649611,244.650
672,4.123340,0.121234443,1.81909064,0.0022738633,0.0022755032,243.958
673,4.129476,0.121220404,1.82800119,0.00228500148,0.00228798374,240.826
674,4.135612,0.121206299,1.83696603,0.00229620753,0.00229876572,240.174
675,4.141748,0.121192121,1.84598488,0.0023074811,0.0023106906,243.780
676,4.147884,0.121177881,1.85505743,0.00231882178,0.00232071608,247.908
677,4.154020,0.121163569,1.86418335,0.00233022918,0.0023324548,245.575
678,4.160156,0.121149174,1.87336219,0.00234170274,0.0023459057,245.719
679,4.166292,0.121134715,1.88259374,0.00235324218,0.00235637336,245.352
680,4.172428,0.121120189,1.89187762,0.00236484702,0.00236741052,245.885
681,4.178564,0.121105585,1.90121333,0.00237651666,0.00237999649,243.816
682,4.184700,0.121090909,1.9106005,0.00238825062,0.00239184013,233.029
683,4.190836,0.12107617,1.92003869,0.00240004836,0.00240206583,248.096
684,4.196971,0.12106135,1.92952742,0.00241190928,0.00241562084,249.404
685,4.203107,0.121046455,1.93906617,0.00242383272,0.00242750333,248.630
686,4.209243,0.121031495,1.9486545,0.00243581812,0.00243807471,240.442
687,4.215379,0.121016467,1.95829179,0.00244786473,0.00244913209,237.821
688,4.221515,0.121001349,1.96797749,0.00245997187,0.00246378211,231.141
689,4.227651,0.120986166,1.97771105,0.00247213881,0.00247442821,225.812
690,4.233787,0.120970892,1.98749179,0.00248436474,0.00248920582,225.642
691,4.239923,0.120955548,1.99731916,0.00249664895,0.00250067521,224.187
692,4.246059,0.120940129,2.00719247,0.00250899058,0.00251289669,251.117
693,4.252195,0.12092463,2.01711096,0.0025213887,0.00252599207,250.072
694,4.258331,0.120909059,2.027074,0.00253384251,0.0025375473,228.286
695,4.264467,0.12089341,2.03708084,0.00254635105,0.00255044571,222.514
696,4.270603,0.120877685,2.04713067,0.00255891333,0.00256269788,235.669
697,4.276738,0.120861888,2.0572227,0.00257152837,0.00257497826,236.896
698,4.282874,0.120846006,2.06735608,0.0025841951,0.00258820684,237.066
699,4.289010,0.120830049,2.07752998,0.00259691247,0.00260067742,246.496
700,4.295146,0.120814018,2.08774357,0.00260967946,0.00261261878,248.646
701,4.301282,0.120797909,2.0979959,0.00262249488,0.00262530239,234.804
702,4.307418,0.120781722,2.10828604,0.00263535755,0.00263802508,238.318
703,4.313554,0.120765447,2.118613,0.00264826625,0.00265239141,234.919
704,4.319690,0.12074909,2.12897585,0.00266121981,0.00266562687,249.551
705,4.325826,0.120732651,2.13937358,0.00267421697,0.00267911462,235.061
706,4.331962,0.120716131,2.14980522,0.00268725652,0.00269232341,249.566
707,4.338098,0.120699542,2.1602698,0.00270033725,0.00270356625,239.460
708,4.344234,0.120682875,2.17076621,0.00271345777,0.00271637088,257.537
709,4.350370,0.12066611,2.18129335,0.00272661669,0.00273214223,247.068
710,4.356505,0.120649277,2.19185025,0.00273981281,0.00274381357,246.962
711,4.362641,0.120632356,2.20243579,0.00275304474,0.00275759355,246.898
712,4.368777,0.120615359,2.21304895,0.00276631119,0.00277011078,246.821
713,4.374913,0.120598277,2.22368864,0.00277961079,0.00278394531,246.927
714,4.381049,0.120581104,2.23435368,0.0027929421,0.00279868712,243.220
715,4.387185,0.120563859,2.2450431,0.00280630388,0.00281047284,250.732
716,4.393321,0.120546524,2.25575577,0.00281969471,0.00282503457,250.109
717,4.399457,0.120529113,2.26649071,0.00283311339,0.00283759311,244.766
718,4.405593,0.120511614,2.27724678,0.00284655847,0.00285184385,243.243
719,4.411729,0.120494043,2.28802296,0.0028600287,0.00286353668,236.078
720,4.417865,0.120476384,2.29881819,0.00287352273,0.00287800613,259.346
721,4.424001,0.120458643,2.30963141,0.00288703926,0.00289133962,247.874
722,4.430137,0.120440806,2.32046157,0.00290057696,0.00290693273,234.001
723,4.436272,0.120422904,2.33130776,0.0029141347,0.00291793197,242.986
724,4.442408,0.120404904,2.34216888,0.0029277111,0.00293349999,250.726
725,4.448544,0.120386822,2.353044,0.002941305,0.00294694235,257.326
726,4.454680,0.120368653,2.36393221,0.00295491526,0.00296092118,248.902
727,4.460816,0.120350411,2.37483253,0.00296854067,0.00297304736,247.617
728,4.466952,0.120332083,2.38574402,0.00298218003,0.00298698603,248.361
729,4.473088,0.120313669,2.39666581,0.00299583226,0.00300098872,245.533
730,4.479224,0.120295169,2.40759701,0.00300949627,0.00301488591,243.265
731,4.485360,0.120276585,2.41853676,0.00302317095,0.00302875859,245.837
732,4.491496,0.12025791,2.42948416,0.00303685519,0.00304349602,266.929
733,4.497632,0.12023915,2.44043839,0.00305054799,0.00305729101,267.246
734,4.503768,0.120220315,2.45139872,0.0030642484,0.00306973349,245.660
735,4.509904,0.12020139,2.46236422,0.00307795528,0.0030841353,254.789
736,4.516039,0.120182398,2.47333432,0.0030916679,0.00309572607,266.272
737,4.522175,0.120163321,2.48430806,0.00310538508,0.00310900806,266.719
738,4.528311,0.120144155,2.49528474,0.00311910593,0.00312349921,261.901
739,4.534447,0.120124906,2.50626366,0.00313282958,0.00313704702,248.044
740,4.540583,0.120105571,2.51724411,0.00314655513,0.00315117679,246.814
741,4.546719,0.120086146,2.52822536,0.00316028171,0.00316574413,263.772
742,4.552855,0.120066633,2.53920676,0.00317400844,0.0031800389,266.545
743,4.558991,0.120047035,2.55018764,0.00318773454,0.00319399945,245.879
744,4.565127,0.120027352,2.56116737,0.00320145921,0.00320772266,226.158
745,4.571263,0.120007584,2.57214527,0.00321518159,0.00322158828,224.296
746,4.577399,0.119987732,2.5831208,0.003228901,0.0032354123,268.078
747,4.583535,0.119967801,2.59409333,0.00324261667,0.0032482669,265.081
748,4.589671,0.119947778,2.60506221,0.00325632776,0.00326309413,268.237
749,4.595806,0.119927669,2.61602686,0.00327003358,0.0032777588,240.796
750,4.601942,0.119907471,2.6269867,0.00328373338,0.00329174161,238.757
751,4.608078,0.119887197,2.63794124,0.00329742655,0.00330405522,236.673
752,4.614214,0.119866843,2.64888979,0.00331111224,0.00331714781,238.255
753,4.620350,0.119846398,2.6598318,0.00332478975,0.00333196315,238.190
754,4.626486,0.119825883,2.67076672,0.0033384584,0.00334347849,237.576
755,4.632622,0.119805285,2.681694,0.0033521175,0.00335695683,237.174
756,4.638758,0.119784597,2.69261299,0.00336576623,0.00337148148,238.740
757,4.644894,0.119763824,2.70352315,0.00337940393,0.00338540779,238.105
758,4.651030,0.119742963,2.71442385,0.00339302981,0.00339975492,265.520
759,4.657166,0.119722019,2.72531454,0.00340664318,0.00341330599,254.938
760,4.663302,0.119700991,2.7361946,0.00342024324,0.00342709774,257.023
761,4.669438,0.119679873,2.74706335,0.00343382919,0.00344166691,258.353
762,4.675573,0.119658672,2.75792025,0.00344740031,0.00345562762,227.978
763,4.681709,0.119637401,2.76876472,0.00346095589,0.00346658304,259.675
764,4.687845,0.119616047,2.77959604,0.00347449505,0.00348010049,237.657
765,4.693981,0.119594608,2.79041349,0.00348801687,0.0034939765,233.657
766,4.700117,0.119573084,2.80121649,0.00350152061,0.00350796764,236.477
767,4.706253,0.119551481,2.8120043,0.00351500537,0.00352067546,230.810
768,4.712389,0.119529778,2.82277611,0.00352847013,0.00353689227,256.808
769,4.718525,0.119507999,2.83353129,0.00354191411,0.00354949012,235.052
770,4.724661,0.119486134,2.84426907,0.00355533633,0.00356341433,234.885
771,4.730797,0.119464193,2.85498872,0.0035687359,0.00357570225,234.862
772,4.736933,0.119442171,2.86568935,0.00358211169,0.00358894281,225.552
773,4.743069,0.119420065,2.87637025,0.00359546281,0.00360270074,232.319
774,4.749205,0.119397886,2.88703059,0.00360878823,0.0036145737,236.668
775,4.755340,0.119375621,2.89766949,0.00362208686,0.00362914077,236.354
776,4.761476,0.119353264,2.90828603,0.00363535754,0.00364357787,235.564
777,4.767612,0.119330829,2.9188794,0.00364859926,0.00365634189,237.599
778,4.773748,0.119308314,2.92944876,0.00366181095,0.00366932297,246.324
779,4.779884,0.119285707,2.9399931,0.00367499138,0.00368425992,236.149
780,4.786020,0.119263026,2.95051166,0.00368813957,0.00369653002,237.125
781,4.792156,0.119240272,2.9610035,0.00370125437,0.0037082805,237.119
782,4.798292,0.119217438,2.97146769,0.00371433461,0.00372120014,237.580
783,4.804428,0.119194526,2.9819033,0.00372737912,0.00373407449,236.761
784,4.810564,0.119171537,2.99230945,0.00374038682,0.00374659074,237.619
785,4.816700,0.119148457,3.00268522,0.00375335652,0.00376140332,237.256
786,4.822836,0.119125298,3.01302968,0.0037662871,0.00377428969,236.060
787,4.828972,0.119102059,3.02334201,0.00377917751,0.00378731583,234.164
788,4.835107,0.119078746,3.03362136,0.0037920267,0.00380001643,236.198
789,4.841243,0.119055343,3.04386676,0.00380483345,0.00381395695,234.975
790,4.847379,0.119031875,3.05407746,0.00381759682,0.00382467987,232.016
791,4.853515,0.11900833,3.06425261,0.00383031576,0.00383717731,235.814
792,4.859651,0.118984703,3.07439136,0.00384298921,0.00385063684,233.383
793,4.865787,0.118960997,3.08449302,0.00385561628,0.00386343335,233.911
794,4.871923,0.118937221,3.09455681,0.00386819602,0.0038748352,233.116
795,4.878059,0.118913368,3.10458197,0.00388072746,0.00388737157,263.552
796,4.884195,0.118889426,3.11456773,0.00389320967,0.00390179775,257.453
797,4.890331,0.118865409,3.12451349,0.00390564187,0.00391424043,253.032
798,4.896467,0.118841319,3.13441865,0.00391802332,0.0039258659,245.043
799,4.902603,0.118817152,3.14428259,0.00393035324,0.00393855739,256.549
800,4.908739,0.118792903,3.15410463,0.00394263079,0.00395194894,251.635
801,4.914874,0.118768587,3.16388431,0.00395485538,0.00396350738,240.305
802,4.921010,0.118744205,3.17362111,0.00396702639,0.00397370022,240.764
803,4.927146,0.118719732,3.18331448,0.00397914311,0.00398834823,244.967
804,4.933282,0.118695194,3.19296402,0.00399120502,0.00399905411,242.484
805,4.939418,0.118670581,3.20256924,0.00400321155,0.00401117955,244.205
806,4.945554,0.118645887,3.21212971,0.00401516214,0.00402455256,241.377
807,4.951690,0.11862112,3.22164519,0.00402705649,0.00403621997,239.137
808,4.957826,0.118596284,3.23111524,0.00403889405,0.00404766329,247.167
809,4.963962,0.118571377,3.24053955,0.00405067444,0.00405918596,246.047
810,4.970098,0.118546397,3.24991786,0.00406239732,0.00407095787,233.227
811,4.976234,0.118521346,3.25924991,0.00407406238,0.00408262224,243.867
812,4.982370,0.118496221,3.2685354,0.00408566925,0.00409470683,244.054
813,4.988506,0.11847103,3.27777419,0.00409721773,0.00410548933,232.258
814,4.994641,0.11844577,3.28696608,0.0041087076,0.00411736409,245.558
815,5.000777,0.118420439,3.29611087,0.00412013859,0.00412828542,245.388
816,5.006913,0.118395041,3.30520844,0.00413151055,0.0041390588,246.015
817,5.013049,0.118369575,3.31425863,0.00414282329,0.00415031982,233.284
818,5.019185,0.118344039,3.32326131,0.00415407664,0.00416167738,279.243
819,5.025321,0.118318424,3.33221641,0.00416527051,0.00417457682,238.925
820,5.031457,0.118292736,3.34112378,0.00417640473,0.0041863721,275.366
821,5.037593,0.118266983,3.3499834,0.00418747925,0.00419703237,263.093
822,5.043729,0.11824116,3.35879527,0.00419849409,0.00420845087,270.875
823,5.049865,0.118215288,3.36755929,0.00420944911,0.00421641601,266.816
824,5.056001,0.118189339,3.37627536,0.00422034419,0.00422905758,269.310
825,5.062137,0.118163321,3.38494353,0.00423117941,0.0042402543,268.133
826,5.068273,0.118137243,3.3935638,0.00424195475,0.00424995295,271.899
827,5.074408,0.118111093,3.40213611,0.00425267013,0.00426235454,242.377
828,5.080544,0.118084877,3.41066045,0.00426332556,0.00427251565,238.005
829,5.086680,0.118058603,3.41913688,0.0042739211,0.00428199254,259.517
830,5.092816,0.118032257,3.42756532,0.00428445665,0.00429368478,245.840
831,5.098952,0.118005854,3.43594593,0.00429493241,0.00430286452,238.462
832,5.105088,0.11797938,3.44427861,0.00430534826,0.00431463243,240.561
833,5.111224,0.117952831,3.45256332,0.00431570415,0.00432668314,248.679
834,5.117360,0.117926234,3.46080025,0.00432600031,0.00433457648,233.590
835,5.123496,0.117899568,3.46898932,0.00433623665,0.00434594908,245.026
836,5.129632,0.117872848,3.47713066,0.00434641333,0.00435458384,241.226
837,5.135768,0.117846059,3.48522425,0.00435653031,0.00436588669,232.268
838,5.141904,0.117819218,3.49327021,0.00436658776,0.00437427878,244.170
839,5.148040,0.117792309,3.50126848,0.0043765856,0.00438541209,241.506
840,5.154175,0.11776533,3.50921916,0.00438652395,0.00439762962,236.866
841,5.160311,0.117738298,3.51712236,0.00439640295,0.00440548668,238.775
842,5.166447,0.117711202,3.52497816,0.00440622269,0.0044158488,234.645
843,5.172583,0.117684053,3.53278657,0.00441598322,0.00442457116,244.562
844,5.178719,0.117656832,3.54054765,0.00442568457,0.00443634372,249.519
845,5.184855,0.117629561,3.54826158,0.00443532698,0.00444443808,249.018
846,5.190991,0.11760223,3.55592844,0.00444491055,0.00445414483,249.011
847,5.197127,0.117574849,3.56354835,0.00445443543,0.00446230262,249.339
848,5.203263,0.117547411,3.57112137,0.00446390171,0.00447161909,249.835
849,5.209399,0.117519904,3.57864769,0.00447330961,0.00448298265,249.262
850,5.215535,0.117492347,3.58612749,0.00448265937,0.00449099195,244.683
851,5.221671,0.11746473,3.59356087,0.00449195109,0.00450079592,248.516
852,5.227807,0.117437047,3.60094798,0.00450118497,0.00451167213,249.861
853,5.233942,0.117409308,3.60828909,0.00451036136,0.00452141511,248.547
854,5.240078,0.117381512,3.61558438,0.00451948048,0.00453000847,248.553
855,5.246214,0.117353663,3.62283412,0.00452854265,0.00453857786,243.350
856,5.252350,0.117325759,3.63003853,0.00453754816,0.00454750401,237.205
857,5.258486,0.117297795,3.6371978,0.00454649725,0.00455744929,242.883
858,5.264622,0.117269787,3.64431244,0.00455539055,0.00456452059,241.891
859,5.270758,0.117241732,3.65138266,0.00456422832,0.0045722602,229.735
860,5.276894,0.11721361,3.65840872,0.0045730109,0.00458298427,223.839
861,5.283030,0.117185439,3.6653911,0.00458173887,0.00459116426,233.268
862,5.289166,0.11715722,3.67233007,0.00459041259,0.00459890077,234.309
863,5.295302,0.117128944,3.67922607,0.00459903259,0.00460824172,236.734
864,5.301438,0.117100619,3.68607964,0.00460759955,0.00461626539,226.900
865,5.307574,0.117072232,3.69289105,0.00461611381,0.00462621935,243.950
866,5.313709,0.117043793,3.69966091,0.00462457614,0.0046354734,239.357
867,5.319845,0.117015311,3.70638972,0.00463298715,0.00464187006,282.248
868,5.325981,0.11698677,3.71307798,0.00464134747,0.00465137229,264.891
869,5.332117,0.11695819,3.71972629,0.00464965786,0.00465779585,269.376
870,5.338253,0.116929555,3.72633524,0.00465791905,0.00466667185,272.600
871,5.344389,0.116900865,3.73290537,0.00466613172,0.00467563347,268.301
872,5.350525,0.11687212,3.73943742,0.00467429678,0.00468477551,272.940
873,5.356661,0.116843324,3.74593193,0.00468241491,0.00469284311,272.076
874,5.362797,0.116814482,3.75238971,0.00469048714,0.00470053391,272.737
875,5.368933,0.11678559,3.75881144,0.0046985143,0.00470862571,269.612
876,5.375069,0.116756643,3.76519783,0.00470649729,0.00471749372,251.385
877,5.381205,0.116727645,3.77154967,0.00471443709,0.00472590202,269.304
878,5.387341,0.116698608,3.77786776,0.0047223347,0.00473218238,250.962
879,5.393476,0.116669516,3.78415289,0.00473019111,0.0047420026,251.929
880,5.399612,0.116640373,3.79040591,0.00473800739,0.00474949831,250.737
881,5.405748,0.116611194,3.79662771,0.00474578464,0.00475540223,250.230
882,5.411884,0.116581968,3.80281916,0.00475352395,0.00476311345,220.247
883,5.418020,0.116552693,3.8089811,0.00476122637,0.00477105245,238.431
884,5.424156,0.116523364,3.81511441,0.00476889301,0.0047796744,257.713
885,5.430292,0.116493993,3.82122014,0.00477652517,0.00478673772,246.412
886,5.436428,0.116464574,3.82729916,0.00478412395,0.00479453108,249.557
887,5.442564,0.116435109,3.83335245,0.00479169056,0.00480200537,247.933
888,5.448700,0.116405595,3.83938108,0.00479922635,0.00480985109,248.323
889,5.454836,0.116376043,3.845386,0.0048067325,0.00481618298,244.069
890,5.460972,0.116346439,3.85136812,0.00481421015,0.00482477188,251.038
891,5.467108,0.116316779,3.85732853,0.00482166066,0.0048336349,246.817
892,5.473243,0.116287084,3.86326828,0.00482908536,0.00484026308,251.417
893,5.479379,0.116257336,3.86918836,0.00483648545,0.00484815517,250.370
894,5.485515,0.116227559,3.87508995,0.00484386244,0.00485283081,251.210
895,5.491651,0.116197727,3.88097403,0.00485121754,0.00486185591,251.583
896,5.497787,0.11616786,3.88684166,0.00485855208,0.00486740938,252.682
897,5.503923,0.116137941,3.89269393,0.00486586742,0.00487601561,220.302
898,5.510059,0.116107978,3.89853194,0.00487316492,0.00488324076,217.843
899,5.516195,0.116077968,3.90435679,0.00488044599,0.0048906812,221.655
900,5.522331,0.116047913,3.91016961,0.00488771201,0.00489814375,222.305
901,5.528467,0.116017817,3.9159715,0.00489496438,0.00490492171,222.324
902,5.534603,0.115987668,3.92176353,0.00490220442,0.00491344779,221.041
903,5.540739,0.115957472,3.92754683,0.00490943354,0.00492109009,257.722
904,5.546875,0.115927241,3.93332264,0.00491665329,0.00492676213,248.906
905,5.553010,0.11589696,3.93909188,0.00492386486,0.00493584949,242.741
906,5.559146,0.11586664,3.94485586,0.00493106982,0.00494133145,253.956
907,5.565282,0.115836281,3.95061564,0.00493826955,0.00494768283,223.456
908,5.571418,0.115805876,3.9563723,0.00494546537,0.00495517642,223.182
909,5.577554,0.115775428,3.96212703,0.00495265879,0.00496219892,223.249
910,5.583690,0.115744934,3.96788097,0.00495985121,0.00496963299,222.632
911,5.589826,0.115714393,3.97363523,0.00496704403,0.00497736227,223.834
912,5.595962,0.115683797,3.97939082,0.00497423852,0.00498638976,222.760
913,5.602098,0.115653168,3.98514909,0.00498143636,0.0049916636,222.976
914,5.608234,0.115622498,3.99091113,0.00498863892,0.00499830562,223.504
915,5.614370,0.115591776,3.99667797,0.00499584746,0.00500691197,222.113
916,5.620506,0.115561012,4.00245085,0.00500306356,0.00501364076,238.067
917,5.626642,0.115530197,4.00823082,0.00501028852,0.00502200784,238.524
918,5.632777,0.115499339,4.01401901,0.00501752376,0.00502983931,238.135
919,5.638913,0.115468432,4.01981661,0.00502477076,0.00503705806,238.629
920,5.645049,0.115437491,4.02562479,0.00503203098,0.00504246378,238.985
921,5.651185,0.115406506,4.03144459,0.00503930573,0.00504974021,238.803
922,5.657321,0.115375487,4.03727725,0.00504659657,0.00505526746,238.174
923,5.663457,0.115344419,4.04312375,0.00505390468,0.00506320621,234.513
924,5.669593,0.115313301,4.04898535,0.00506123168,0.00507131409,238.318
925,5.675729,0.115282144,4.05486304,0.0050685788,0.00507786157,237.325
926,5.681865,0.115250941,4.060758,0.00507594749,0.00508521814,238.012
927,5.688001,0.115219694,4.06667132,0.00508333914,0.00509240352,220.008
928,5.694137,0.115188391,4.07260408,0.0050907551,0.00510154625,224.491
929,5.700273,0.115157042,4.0785574,0.00509819675,0.00510893856,224.532
930,5.706409,0.115125647,4.08453236,0.00510566545,0.00511653428,250.521
931,5.712544,0.115094205,4.09053018,0.00511316273,0.00512507548,244.323
932,5.718680,0.11506271,4.09655188,0.00512068985,0.00513277925,220.057
933,5.724816,0.115031174,4.10259864,0.0051282483,0.00513958296,219.799
934,5.730952,0.114999591,4.10867151,0.00513583939,0.005147059,236.466
935,5.737088,0.114967957,4.11477158,0.00514346448,0.00515551607,262.803
936,5.743224,0.114936292,4.12090004,0.00515112506,0.00516057703,254.323
937,5.749360,0.114904577,4.12705788,0.00515882235,0.00516859302,255.460
938,5.755496,0.114872817,4.13324621,0.00516655776,0.00517598644,250.733
939,5.761632,0.114840995,4.13946602,0.00517433252,0.00518612285,272.548
940,5.767768,0.114809126,4.14571847,0.00518214809,0.00519381587,271.606
941,5.773904,0.114777216,4.1520046,0.00519000575,0.0052004715,267.497
942,5.780040,0.114745251,4.1583255,0.00519790687,0.00520933113,267.191
943,5.786176,0.114713242,4.16468226,0.00520585283,0.00521664476,270.128
944,5.792311,0.114681184,4.1710759,0.00521384487,0.00522551448,267.568
945,5.798447,0.114649077,4.17750744,0.0052218843,0.00523247015,271.847
946,5.804583,0.114616914,4.18397788,0.00522997235,0.00524163429,267.345
947,5.810719,0.114584703,4.19048832,0.0052381104,0.00524954303,254.855
948,5.816855,0.114552438,4.19703973,0.00524629966,0.00525828866,253.642
949,5.822991,0.114520124,4.20363318,0.00525454148,0.00526641355,247.994
950,5.829127,0.114487754,4.21026964,0.00526283705,0.00527535466,249.404
951,5.835263,0.114455353,4.21695021,0.00527118777,0.00528043668,248.256
952,5.841399,0.114422894,4.2236757,0.00527959462,0.0052899516,270.646
953,5.847535,0.114390386,4.23044712,0.0052880589,0.00529798822,272.093
954,5.853671,0.11435782,4.23726536,0.0052965817,0.00530737669,271.744
955,5.859807,0.114325193,4.24413142,0.00530516427,0.00531728802,246.829
956,5.865943,0.114292523,4.25104626,0.00531380783,0.00532433137,258.227
957,5.872078,0.114259795,4.25801066,0.00532251332,0.00533467782,251.398
958,5.878214,0.114227015,4.26502552,0.0053312819,0.00534222006,273.398
959,5.884350,0.114194177,4.27209172,0.00534011465,0.00535165527,270.096
960,5.890486,0.114161287,4.27921013,0.00534901266,0.00536008622,242.561
961,5.896622,0.114128343,4.28638151,0.00535797689,0.005369019,271.215
962,5.902758,0.11409534,4.29360662,0.00536700827,0.00537856761,272.304
963,5.908894,0.114062282,4.30088626,0.00537610782,0.00538760171,274.414
964,5.915030,0.114029169,4.30822118,0.00538527647,0.00539651092,272.187
965,5.921166,0.113995996,4.31561207,0.00539451508,0.00540625398,277.028
966,5.927302,0.113962765,4.32305964,0.00540382455,0.00541579323,273.144
967,5.933438,0.113929489,4.33056454,0.00541320568,0.00542308903,271.030
968,5.939574,0.11389615,4.33812745,0.00542265931,0.00543329107,274.119
969,5.945710,0.11386275,4.34574878,0.00543218597,0.00544325265,273.335
970,5.951845,0.113829296,4.35342932,0.00544178665,0.00545307584,270.751
971,5.957981,0.113795779,4.36116947,0.00545146183,0.00546222741,273.241
972,5.964117,0.113762204,4.36896978,0.00546121222,0.00547184495,235.425
973,5.970253,0.113728566,4.37683067,0.00547103834,0.00548218278,234.503
974,5.976389,0.11369486,4.38475254,0.00548094067,0.00549301116,234.965
975,5.982525,0.113661096,4.39273592,0.0054909199,0.00550262809,234.502
976,5.988661,0.113627273,4.40078114,0.00550097642,0.0055123464,242.785
977,5.994797,0.11359339,4.40888859,0.00551111074,0.00552191092,246.460
978,6.000933,0.113559432,4.41705848,0.0055213231,0.00553423535,239.144
979,6.007069,0.113525419,4.42529118,0.00553161397,0.00554321622,255.398
980,6.013205,0.113491344,4.43358691,0.00554198363,0.00555322403,252.208
981,6.019341,0.113457202,4.4419458,0.00555243226,0.00556422729,250.465
982,6.025477,0.113422991,4.45036805,0.00556296006,0.00557552047,249.142
983,6.031612,0.113388725,4.45885394,0.00557356742,0.00558531525,243.923
984,6.037748,0.113354393,4.46740348,0.00558425435,0.00559518829,250.151
985,6.043884,0.113319988,4.47601677,0.00559502096,0.00560707709,247.402
986,6.050020,0.113285527,4.48469389,0.00560586736,0.00561621492,251.430
987,6.056156,0.113250994,4.49343483,0.00561679354,0.00562786221,266.461
988,6.062292,0.113216389,4.5022396,0.0056277995,0.005639628,271.568
989,6.068428,0.113181711,4.5111082,0.00563888525,0.00565154511,222.969
990,6.074564,0.113146971,4.52004061,0.00565005076,0.00566174567,243.495
991,6.080700,0.113112165,4.52903677,0.00566129596,0.00567234925,244.500
992,6.086836,0.113077285,4.53809656,0.0056726207,0.00568449995,243.328
993,6.092972,0.113042338,4.54721998,0.00568402498,0.00569545312,245.510
994,6.099108,0.11300732,4.5564068,0.0056955085,0.00570700679,244.887
995,6.105244,0.11297223,4.56565692,0.00570707115,0.0057187454,245.304
996,6.111379,0.112937062,4.57497017,0.00571871271,0.00573221537,244.499
997,6.117515,0.112901826,4.58434636,0.00573043295,0.00574260987,244.277
998,6.123651,0.112866507,4.59378533,0.00574223166,0.00575606598,243.844
999,6.129787,0.112831122,4.60328696,0.0057541087,0.00576679112,244.149
1000,6.135923,0.11279567,4.612851,0.00576606374,0.00577768554,243.142
1001,6.142059,0.112760147,4.62247729,0.00577809662,0.00578917334,245.381
1002,6.148195,0.112724541,4.63216552,0.00579020691,0.00580279201,257.464
1003,6.154331,0.11268887,4.64191561,0.00580239451,0.00581342293,249.681
1004,6.160467,0.11265312,4.65172727,0.00581465909,0.00582628893,250.218
1005,6.166603,0.112617289,4.66160026,0.00582700033,0.005839566,250.819
1006,6.172739,0.11258138,4.67153443,0.00583941804,0.00585205034,252.266
1007,6.178875,0.112545395,4.68152952,0.00585191189,0.00586455932,247.626
1008,6.185011,0.112509339,4.6915854,0.00586448175,0.00587618001,233.786
1009,6.191146,0.112473205,4.70170184,0.00587712731,0.00588980069,219.471
1010,6.197282,0.112436985,4.71187865,0.00588984832,0.00590294761,222.413
1011,6.203418,0.112400682,4.7221156,0.0059026445,0.00591628478,221.361
1012,6.209554,0.112364299,4.73241256,0.0059155157,0.00592943471,223.109
1013,6.215690,0.112327842,4.74276944,0.0059284618,0.00594153746,220.411
1014,6.221826,0.112291298,4.75318597,0.00594148246,0.00595563497,221.859
1015,6.227962,0.112254671,4.76366207,0.00595457759,0.00596922678,233.616
1016,6.234098,0.112217969,4.77419773,0.00596774716,0.005981488,235.611
1017,6.240234,0.112181188,4.78479271,0.00598099089,0.00599423645,234.530
1018,6.246370,0.112144325,4.79544697,0.00599430871,0.00600775091,235.743
1019,6.252506,0.112107378,4.8061604,0.0060077005,0.006021297,234.567
1020,6.258642,0.112070348,4.81693299,0.00602116624,0.00603483671,234.601
1021,6.264778,0.112033234,4.82776458,0.00603470573,0.00604859664,236.482
1022,6.270913,0.111996038,4.83865518,0.00604831897,0.00606293347,238.287
1023,6.277049,0.111958752,4.84960474,0.00606200592,0.0060766473,238.089
1024,6.283185,0.111921389,4.86061328,0.0060757666,0.00608899678,238.272
1025,6.289321,0.111883938,4.87168074,0.00608960093,0.00610358013,234.528
1026,6.295457,0.1118464,4.88280715,0.00610350894,0.00611772014,239.578
1027,6.301593,0.111808778,4.89399247,0.00611749058,0.00613135777,236.991
1028,6.307729,0.111771066,4.90523669,0.00613154586,0.00614594907,238.172
1029,6.313865,0.111733261,4.91653975,0.00614567468,0.00616123204,254.266
1030,6.320001,0.11169538,4.92790175,0.00615987719,0.00617359826,269.157
1031,6.326137,0.111657411,4.93932257,0.00617415322,0.00618789823,271.902
1032,6.332273,0.111619345,4.95080213,0.00618850266,0.00620361049,267.225
1033,6.338409,0.111581191,4.96234037,0.00620292546,0.00621804023,267.685
1034,6.344545,0.11154295,4.97393728,0.00621742161,0.00623235217,272.373
1035,6.350680,0.111504623,4.98559274,0.00623199093,0.00624721433,263.093
1036,6.356816,0.111466196,4.99730649,0.00624663311,0.00626259276,253.094
1037,6.362952,0.111427683,5.00907841,0.00626134802,0.00627657516,225.902
1038,6.369088,0.111389075,5.02090819,0.00627613524,0.00629196727,222.336
1039,6.375224,0.111350381,5.03279551,0.00629099439,0.00630614237,226.607
1040,6.381360,0.111311588,5.04473993,0.00630592491,0.00632210059,257.588
1041,6.387496,0.111272705,5.05674106,0.00632092633,0.00633685214,223.470
1042,6.393632,0.111233725,5.06879822,0.00633599778,0.00635275071,222.228
1043,6.399768,0.111194653,5.08091086,0.00635113858,0.00636758592,223.294
1044,6.405904,0.111155488,5.09307805,0.00636634756,0.00638285184,241.469
1045,6.412040,0.11111623,5.1052989,0.00638162363,0.00639796484,247.141
1046,6.418176,0.11107687,5.11757217,0.00639696521,0.00641469679,228.861
1047,6.424312,0.111037412,5.12989676,0.00641237095,0.00643054589,226.316
1048,6.430447,0.110997864,5.14227113,0.00642783891,0.00644625001,264.325
1049,6.436583,0.110958223,5.15469358,0.00644336697,0.00646037973,252.007
1050,6.442719,0.110918485,5.16716217,0.00645895271,0.00647622596,242.707
1051,6.448855,0.110878648,5.1796747,0.00647459337,0.00649237501,239.542
1052,6.454991,0.110838715,5.1922287,0.00649028588,0.00650796567,243.501
1053,6.461127,0.110798679,5.20482137,0.00650602671,0.00652471639,243.454
1054,6.467263,0.110758549,5.21744965,0.00652181206,0.00654018022,242.054
1055,6.473399,0.110718325,5.23011001,0.00653763751,0.00655531377,242.569
1056,6.479535,0.110678001,5.24279853,0.00655349816,0.00657169406,244.674
1057,6.485671,0.110637581,5.25551089,0.00656938862,0.00658746905,264.566
1058,6.491807,0.110597061,5.26824218,0.00658530273,0.00660359095,238.893
1059,6.497943,0.110556441,5.28098714,0.00660123393,0.006620004,238.420
1060,6.504079,0.110515723,5.29373988,0.00661717485,0.00663580865,241.578
1061,6.510214,0.11047491,5.30649395,0.00663311744,0.00665247369,240.119
1062,6.516350,0.110434001,5.31924233,0.00664905292,0.00666714078,240.941
1063,6.522486,0.11039299,5.33197725,0.00666497157,0.00668367325,241.711
1064,6.528622,0.110351879,5.34469035,0.00668086294,0.00669999725,239.258
1065,6.534758,0.110310665,5.35737256,0.0066967157,0.00671665368,245.312
1066,6.540894,0.110269354,5.3700141,0.00671251762,0.00673257054,240.010
1067,6.547030,0.11022795,5.3826045,0.00672825563,0.00674781351,251.159
1068,6.553166,0.110186444,5.39513246,0.00674391558,0.00676429258,253.242
1069,6.559302,0.110144838,5.40758595,0.00675948244,0.00678068927,250.812
1070,6.565438,0.110103143,5.41995233,0.00677494042,0.00679515582,249.872
1071,6.571574,0.110061347,5.43221805,0.00679027257,0.00681161259,238.166
1072,6.577710,0.110019454,5.44436899,0.00680546123,0.00682727697,242.887
1073,6.583846,0.109977469,5.45639045,0.00682048807,0.00684245309,238.237
1074,6.589981,0.109935391,5.46826716,0.00683533395,0.00685861384,241.232
1075,6.596117,0.109893224,5.47998317,0.00684997896,0.00687213758,239.331
1076,6.602253,0.10985097,5.49152243,0.00686440304,0.0068862706,241.317
1077,6.608389,0.109808622,5.50286841,0.00687858551,0.0069015009,237.751
1078,6.614525,0.10976619,5.51400464,0.0068925058,0.00691523567,242.309
1079,6.620661,0.109723675,5.52491465,0.00690614331,0.00692878177,242.060
1080,6.626797,0.109681075,5.53558213,0.00691947766,0.00694264405,242.155
1081,6.632933,0.109638393,5.54599121,0.00693248901,0.00695608651,241.338
1082,6.639069,0.109595626,5.5561269,0.00694515862,0.00696981124,241.597
1083,6.645205,0.109552787,5.56597488,0.0069574686,0.00698155306,240.596
1084,6.651341,0.109509875,5.57552207,0.00696940258,0.00699353051,243.510
1085,6.657477,0.109466894,5.58475667,0.00698094584,0.00700467968,239.538
1086,6.663613,0.109423837,5.59366851,0.00699208564,0.00701718401,243.082
1087,6.669748,0.109380715,5.6022493,0.00700281162,0.00702886008,239.809
1088,6.675884,0.109337524,5.61049257,0.00701311571,0.00703897833,240.911
1089,6.682020,0.109294268,5.61839426,0.00702299283,0.00704951312,233.488
1090,6.688156,0.109250954,5.62595254,0.00703244067,0.00705894746,226.947
1091,6.694292,0.109207584,5.63316795,0.00704145994,0.00706810111,228.724
1092,6.700428,0.109164162,5.64004357,0.00705005446,0.00707654146,226.564
1093,6.706564,0.109120689,5.64658489,0.00705823112,0.00708492193,227.206
1094,6.712700,0.109077169,5.65279998,0.00706599997,0.00709271406,227.065
1095,6.718836,0.109033603,5.65869902,0.00707337378,0.00709992502,225.757
1096,6.724972,0.108989992,5.66429466,0.00708036833,0.00710741573,226.574
1097,6.731108,0.108946337,5.66960149,0.00708700187,0.0071146606,228.203
1098,6.737244,0.108902637,5.67463595,0.00709329494,0.00712193731,227.227
1099,6.743380,0.108858904,5.67941617,0.00709927022,0.00712714475,226.603
1100,6.749515,0.108815136,5.68396156,0.00710495195,0.00713425321,225.802
1101,6.755651,0.108771335,5.68829265,0.00711036582,0.00713830429,247.107
1102,6.761787,0.108727504,5.69243067,0.00711553834,0.00714330643,241.155
1103,6.767923,0.10868364,5.69639752,0.0071204969,0.00714862632,245.779
1104,6.774059,0.10863975,5.7002152,0.007125269,0.0071528647,242.033
1105,6.780195,0.108595829,5.70390571,0.00712988213,0.00715783458,242.477
1106,6.786331,0.10855188,5.70749083,0.00713436353,0.00716254271,243.478
1107,6.792467,0.108507903,5.71099192,0.0071387399,0.00716695859,237.628
1108,6.798603,0.1084639,5.71442958,0.00714303698,0.0071713979,244.986
1109,6.804739,0.108419873,5.71782363,0.00714727954,0.0071752047,243.782
1110,6.810875,0.108375819,5.72119298,0.00715149122,0.00717963546,238.732
1111,6.817011,0.10833174,5.72455552,0.00715569441,0.00718353879,252.363
1112,6.823147,0.108287637,5.72792795,0.00715990994,0.00718767121,243.319
1113,6.829282,0.10824351,5.73132607,0.00716415758,0.00719268314,240.426
1114,6.835418,0.108199353,5.73476424,0.00716845531,0.00719640575,242.883
1115,6.841554,0.108155171,5.73825594,0.00717281992,0.00720029631,235.508
1116,6.847690,0.108110965,5.74181346,0.00717726682,0.0072044762,225.826
1117,6.853826,0.108066728,5.74544796,0.00718180995,0.00720933123,227.472
1118,6.859962,0.108022466,5.74916972,0.00718646215,0.00721363084,236.011
1119,6.866098,0.107978173,5.752988,0.007191235,0.00721845902,232.953
1120,6.872234,0.107933851,5.75691141,0.00719613926,0.00722334539,252.432
1121,6.878370,0.107889497,5.76094755,0.00720118444,0.00722849646,243.060
1122,6.884506,0.107845114,5.76510355,0.00720637943,0.00723310136,241.506
1123,6.890642,0.1078007,5.76938579,0.00721173224,0.00723822911,238.958
1124,6.896778,0.107756246,5.77380018,0.00721725023,0.00724480006,239.434
1125,6.902914,0.107711768,5.77835225,0.00722294032,0.00724879374,238.007
1126,6.909049,0.107667253,5.78304698,0.00722880873,0.00725592972,235.599
1127,6.915185,0.107622692,5.78788905,0.00723486131,0.00726212103,237.084
1128,6.921321,0.107578103,5.79288288,0.00724110359,0.00726679969,238.758
1129,6.927457,0.10753347,5.79803255,0.00724754069,0.00727395925,237.611
1130,6.933593,0.107488798,5.80334191,0.00725417739,0.00728039356,258.205
1131,6.939729,0.107444085,5.80881446,0.00726101807,0.00728695264,246.698
1132,6.945865,0.107399334,5.8144536,0.007268067,0.00729310247,243.948
1133,6.952001,0.107354539,5.82026221,0.00727532776,0.00730038112,228.033
1134,6.958137,0.10730969,5.82624302,0.00728280378,0.00730916245,221.654
1135,6.964273,0.107264802,5.83239866,0.00729049833,0.00731558084,219.763
1136,6.970409,0.107219865,5.83873123,0.00729841404,0.00732351959,226.000
1137,6.976545,0.107174873,5.84524244,0.00730655305,0.00733247811,222.101
1138,6.982681,0.107129832,5.85193391,0.00731491739,0.00734036803,224.892
1139,6.988816,0.107084739,5.85880675,0.00732350844,0.0073502143,224.066
1140,6.994952,0.1070396,5.86586181,0.00733232726,0.00735641116,223.034
1141,7.001088,0.106994401,5.8730995,0.00734137438,0.00736607023,220.703
1142,7.007224,0.106949145,5.88051991,0.00735064989,0.00737549529,221.305
1143,7.013360,0.106903832,5.88812288,0.0073601536,0.0073848745,222.658
1144,7.019496,0.10685846,5.89590799,0.00736988499,0.00739434174,220.466
1145,7.025632,0.106813021,5.90387437,0.00737984296,0.00740527539,223.622
1146,7.031768,0.106767524,5.91202116,0.00739002645,0.0074147976,224.970
1147,7.037904,0.106721964,5.92034712,0.00740043391,0.00742514607,223.089
1148,7.044040,0.106676339,5.92885098,0.00741106373,0.00743547291,250.542
1149,7.050176,0.106630651,5.93753134,0.00742191417,0.00744602265,246.956
1150,7.056312,0.106584889,5.94638661,0.00743298326,0.00745785886,250.273
1151,7.062448,0.106539058,5.95541535,0.00744426919,0.0074692741,250.825
1152,7.068583,0.106493159,5.96461613,0.00745577016,0.00748148362,250.305
1153,7.074719,0.106447192,5.97398757,0.00746748447,0.00749127269,247.643
1154,7.080855,0.106401146,5.98352831,0.00747941039,0.00750423633,250.204
1155,7.086991,0.106355028,5.99323707,0.00749154634,0.00751603026,230.277
1156,7.093127,0.10630883,6.00311289,0.00750389111,0.00752903558,223.715
1157,7.099263,0.106262554,6.01315489,0.00751644362,0.00754177287,236.219
1158,7.105399,0.1062162,6.02336228,0.00752920284,0.00755443423,230.232
1159,7.111535,0.106169771,6.03373464,0.0075421683,0.00756659607,224.813
1160,7.117671,0.106123264,6.04427158,0.00755533948,0.0075793843,236.293
1161,7.123807,0.106076668,6.05497284,0.00756871605,0.00759376567,230.262
1162,7.129943,0.106029991,6.06583837,0.00758229796,0.00760713562,233.960
1163,7.136079,0.105983228,6.07686826,0.00759608533,0.00762105394,234.010
1164,7.142215,0.105936377,6.08806274,0.00761007842,0.0076354429,233.239
1165,7.148350,0.105889444,6.09942211,0.00762427764,0.00765008909,232.166
1166,7.154486,0.105842419,6.11094668,0.00763868335,0.00766385661,224.852
1167,7.160622,0.105795299,6.12263679,0.00765329599,0.00767920774,224.554
1168,7.166758,0.105748092,6.13449281,0.00766811602,0.00769345063,224.416
1169,7.172894,0.105700791,6.14651513,0.00768314391,0.00770870818,223.777
1170,7.179030,0.105653401,6.15870393,0.00769837991,0.00772339487,223.912
1171,7.185166,0.105605912,6.17105952,0.0077138244,0.00773931295,224.254
1172,7.191302,0.105558323,6.18358178,0.00772947722,0.00775570374,221.562
1173,7.197438,0.105510644,6.1962709,0.00774533862,0.00777044264,224.803
1174,7.203574,0.105462863,6.20912654,0.00776140817,0.00778700604,223.200
1175,7.209710,0.105414979,6.22214831,0.00777768538,0.00780373715,222.357
1176,7.215846,0.105366993,6.23533568,0.0077941696,0.00782033828,235.599
1177,7.221982,0.105318906,6.24868788,0.00781085985,0.00783692245,236.630
1178,7.228117,0.105270711,6.26220397,0.00782775496,0.00785569881,224.558
1179,7.234253,0.105222412,6.2758827,0.00784485337,0.00787152345,224.296
1180,7.240389,0.10517401,6.28972277,0.00786215346,0.00788815019,224.874
1181,7.246525,0.105125498,6.30372241,0.00787965301,0.00790608582,226.897
1182,7.252661,0.105076882,6.31787963,0.00789734954,0.00792311019,224.791
1183,7.258797,0.105028144,6.33219216,0.0079152402,0.00794294023,236.982
1184,7.264933,0.104979297,6.34665744,0.0079333218,0.00796064605,232.632
1185,7.271069,0.104930337,6.36127277,0.00795159096,0.0079791397,238.723
1186,7.277205,0.104881265,6.37603507,0.00797004384,0.007997513,224.735
1187,7.283341,0.104832075,6.39094079,0.00798867599,0.0080165287,225.009
1188,7.289477,0.104782773,6.40598603,0.00800748253,0.0080350054,248.771
1189,7.295613,0.104733355,6.42116648,0.0080264581,0.00805372295,229.937
1190,7.301749,0.104683815,6.43647751,0.00804559689,0.00807362748,253.647
1191,7.307884,0.104634158,6.4519141,0.00806489263,0.00809414482,252.108
1192,7.314020,0.10458438,6.46747101,0.00808433876,0.008112297,244.467
1193,7.320156,0.10453448,6.48314244,0.00810392805,0.00813237673,246.315
1194,7.326292,0.104484461,6.49892221,0.00812365276,0.00815178492,246.286
1195,7.332428,0.104434322,6.51480369,0.00814350462,0.00817123105,246.529
1196,7.338564,0.104384054,6.5307797,0.00816347463,0.00819239471,245.066
1197,7.344700,0.104333659,6.54684281,0.00818355351,0.00821294692,246.099
1198,7.350836,0.104283143,6.56298542,0.00820373177,0.0082327471,246.243
1199,7.356972,0.104232499,6.57919945,0.00822399931,0.00825363919,246.492
1200,7.363108,0.104181734,6.5954768,0.008244346,0.00827327174,246.727
1201,7.369244,0.104130843,6.61180885,0.00826476106,0.00829379628,243.555
1202,7.375380,0.104079822,6.62818692,0.00828523365,0.00831496297,247.143
1203,7.381516,0.104028678,6.64460189,0.00830575236,0.00833510532,248.089
1204,7.387651,0.103977404,6.66104462,0.00832630577,0.00835760841,245.441
1205,7.393787,0.103926002,6.67750595,0.00834688244,0.00837708518,246.255
1206,7.399923,0.103874473,6.69397677,0.00836747096,0.00839793705,245.717
1207,7.406059,0.103822817,6.71044813,0.00838806017,0.0084184147,224.934
1208,7.412195,0.103771035,6.72691129,0.00840863912,0.00843910612,256.410
1209,7.418331,0.103719117,6.74335738,0.00842919673,0.00846118359,244.754
1210,7.424467,0.103667076,6.75977815,0.00844972269,0.00848135004,247.355
1211,7.430603,0.103614911,6.77616531,0.00847020664,0.0085013312,249.418
1212,7.436739,0.103562622,6.79251103,0.00849063878,0.00852175998,249.379
1213,7.442875,0.103510204,6.80880775,0.00851100968,0.00854276247,249.095
1214,7.449011,0.103457659,6.8250485,0.00853131062,0.00856328041,255.934
1215,7.455147,0.103404988,6.84122676,0.00855153345,0.00858396035,247.639
1216,7.461283,0.103352198,6.85733683,0.00857167103,0.00860327085,232.767
1217,7.467418,0.103299282,6.87337339,0.00859171674,0.00862532864,235.380
1218,7.473554,0.10324624,6.88933173,0.00861166466,0.00864439943,231.716
1219,7.479690,0.103193076,6.90520771,0.00863150963,0.0086642227,236.468
1220,7.485826,0.103139783,6.92099774,0.00865124718,0.0086852961,260.106
1221,7.491962,0.103086371,6.93669891,0.00867087363,0.00870478122,234.367
1222,7.498098,0.103032839,6.95230884,0.00869038605,0.00872428442,233.535
1223,7.504234,0.102979189,6.96782583,0.00870978229,0.00874337287,234.871
1224,7.510370,0.102925416,6.98324875,0.00872906093,0.00876359948,231.978
1225,7.516506,0.102871525,6.99857715,0.00874822144,0.00878276273,248.600
1226,7.522642,0.102817514,7.01381117,0.00876726396,0.00880223718,248.615
1227,7.528778,0.102763394,7.02895154,0.00878618942,0.008820158,248.824
1228,7.534914,0.102709154,7.04399932,0.00880499915,0.0088395809,246.971
1229,7.541050,0.102654797,7.05895616,0.0088236952,0.00885869781,248.287
1230,7.547185,0.102600322,7.0738241,0.00884228013,0.00887935225,249.416
1231,7.553321,0.102545738,7.0886057,0.00886075712,0.00889571708,247.859
1232,7.559457,0.102491039,7.10330375,0.00887912968,0.00891444927,248.428
1233,7.565593,0.102436228,7.11792148,0.00889740185,0.00893271495,248.775
1234,7.571729,0.1023813,7.13246258,0.00891557822,0.00895177316,218.573
1235,7.577865,0.102326259,7.14693113,0.00893366391,0.00897016938,233.527
1236,7.584001,0.10227111,7.16133159,0.00895166449,0.00898774995,234.900
1237,7.590137,0.102215853,7.17566878,0.00896958597,0.00900531491,220.037
1238,7.596273,0.102160482,7.1899477,0.00898743463,0.00902401236,222.816
1239,7.602409,0.102105005,7.2041738,0.00900521725,0.00904128515,222.632
1240,7.608545,0.102049413,7.21835266,0.00902294082,0.00905998024,223.050
1241,7.614681,0.101993717,7.23249029,0.00904061287,0.00907685263,240.199
1242,7.620817,0.101937909,7.24659278,0.00905824098,0.00909515236,239.947
1243,7.626952,0.101881993,7.26066664,0.00907583329,0.00911431007,239.368
1244,7.633088,0.101825967,7.27471837,0.00909339797,0.00913077324,258.562
1245,7.639224,0.101769837,7.28875506,0.00911094382,0.00914753805,247.416
1246,7.645360,0.101713601,7.30278375,0.00912847969,0.00916498501,239.173
1247,7.651496,0.101657253,7.31681187,0.00914601484,0.00918309701,237.347
1248,7.657632,0.1016008,7.33084712,0.0091635589,0.0092004113,239.166
1249,7.663768,0.101544235,7.34489719,0.00918112149,0.00921852503,236.683
1250,7.669904,0.101487562,7.35897019,0.00919871274,0.00923611978,238.573
1251,7.676040,0.10143078,7.37307416,0.00921634269,0.00925391685,236.201
1252,7.682176,0.101373894,7.38721727,0.00923402159,0.00927089733,239.250
1253,7.688312,0.10131689,7.40140767,0.00925175958,0.00929010223,238.017
1254,7.694448,0.10125978,7.41565354,0.00926956693,0.00930740203,239.428
1255,7.700584,0.101202559,7.42996306,0.00928745382,0.00932541596,237.632
1256,7.706719,0.101145226,7.44434421,0.00930543027,0.00934524104,236.765
1257,7.712855,0.101087787,7.45880507,0.00932350634,0.00936096774,237.862
1258,7.718991,0.101030232,7.47335342,0.00934169178,0.00937978217,238.487
1259,7.725127,0.100972569,7.48799692,0.00935999615,0.00939754289,236.079
1260,7.731263,0.100914793,7.50274298,0.00937842872,0.00941593954,227.370
1261,7.737399,0.100856903,7.51759852,0.00939699815,0.00943454588,218.388
1262,7.743535,0.100798891,7.53257021,0.00941571276,0.00945424249,244.187
1263,7.749671,0.100740767,7.54766419,0.00943458023,0.00947274083,245.687
1264,7.755807,0.100682528,7.56288602,0.00945360752,0.00949132067,245.987
1265,7.761943,0.100624169,7.57824062,0.00947280077,0.00951094747,245.844
1266,7.768079,0.100565683,7.5937322,0.00949216525,0.00953150429,245.738
1267,7.774215,0.100507081,7.60936439,0.00951170549,0.00955060802,246.359
1268,7.780351,0.100448359,7.62514011,0.00953142514,0.00956999489,244.697
1269,7.786486,0.10038952,7.64106142,0.00955132678,0.00959084243,235.602
1270,7.792622,0.100330555,7.65712958,0.00957141197,0.00960959994,234.236
1271,7.798758,0.100271461,7.67334537,0.00959168171,0.00963062765,240.584
1272,7.804894,0.100212246,7.68970877,0.00961213597,0.00965051458,242.090
1273,7.811030,0.1001529,7.70621907,0.00963277383,0.00967173014,245.451
1274,7.817166,0.100093428,7.72287494,0.00965359367,0.00969232011,254.152
1275,7.823302,0.100033824,7.73967454,0.00967459317,0.00971391086,253.847
1276,7.829438,0.0999740904,7.7566154,0.00969576925,0.00973487828,254.308
1277,7.835574,0.0999142239,7.77369453,0.00971711817,0.00975659485,248.388
1278,7.841710,0.0998542218,7.79090854,0.00973863568,0.00977869128,250.050
1279,7.847846,0.0997940907,7.80825356,0.00976031695,0.00979972311,250.054
1280,7.853982,0.099733818,7.82572521,0.00978215651,0.00982280375,222.033
1281,7.860118,0.0996734172,7.84331894,0.00980414867,0.0098436747,220.871
1282,7.866253,0.0996128843,7.86102967,0.00982628709,0.00986682512,222.280
1283,7.872389,0.0995522115,7.87885196,0.00984856495,0.00988798952,221.294
1284,7.878525,0.0994913974,7.89678015,0.00987097519,0.00991103738,224.329
1285,7.884661,0.0994304423,7.91480818,0.00989351022,0.00993401719,221.768
1286,7.890797,0.0993693491,7.93292973,0.00991616217,0.00995652532,218.560
1287,7.896933,0.0993081137,7.95113823,0.00993892279,0.009979679,221.659
1288,7.903069,0.0992467334,7.96942672,0.0099617834,0.0100033127,260.578
1289,7.909205,0.0991852114,7.98778815,0.00998473519,0.0100264107,251.465
1290,7.915341,0.0991235514,8.00621514,0.0100077689,0.0100488808,249.946
1291,7.921477,0.0990617461,8.02469997,0.010030875,0.0100725747,251.089
1292,7.927613,0.0989997996,8.04323471,0.0100540434,0.0100955807,251.060
1293,7.933749,0.0989377033,8.06181122,0.010077264,0.010120001,256.425
1294,7.939885,0.0988754638,8.08042131,0.0101005266,0.0101433398,267.110
1295,7.946020,0.0988130833,8.09905663,0.0101238208,0.0101679676,257.190
1296,7.952156,0.0987505614,8.11770855,0.0101471357,0.0101893527,255.773
1297,7.958292,0.0986878987,8.13636843,0.0101704605,0.0102123143,245.577
1298,7.964428,0.098625087,8.15502738,0.0101937842,0.0102365869,266.582
1299,7.970564,0.098562129,8.17367671,0.0102170959,0.0102604294,266.884
1300,7.976700,0.0984990273,8.19230771,0.0102403846,0.010283847,270.698
1301,7.982836,0.0984357851,8.21091183,0.0102636398,0.0103067401,224.260
1302,7.988972,0.0983723934,8.22948053,0.0102868507,0.0103311164,235.517
1303,7.995108,0.0983088563,8.24800564,0.010310007,0.0103548012,235.377
1304,8.001244,0.0982451788,8.26647911,0.0103330989,0.0103776996,236.332
1305,8.007380,0.0981813563,8.28489308,0.0103561164,0.0104013202,236.410
1306,8.013516,0.0981173975,8.30324021,0.0103790503,0.0104235222,235.720
1307,8.019652,0.098053296,8.32151337,0.0104018917,0.0104467937,236.513
1308,8.025787,0.0979890522,8.3397061,0.0104246326,0.0104716914,245.940
1309,8.031923,0.0979246653,8.35781228,0.0104472653,0.0104933065,233.117
1310,8.038059,0.0978601421,8.37582635,0.0104697829,0.0105155079,234.888
1311,8.044195,0.0977954804,8.39374318,0.010492179,0.0105380789,234.912
1312,8.050331,0.0977306784,8.41155792,0.0105144474,0.0105609585,253.724
1313,8.056467,0.0976657352,8.42926636,0.0105365829,0.0105839624,236.705
1314,8.062603,0.0976006578,8.4468648,0.010558581,0.01060584,235.466
1315,8.068739,0.0975354451,8.46434997,0.0105804375,0.010627888,236.662
1316,8.074875,0.0974700993,8.48171902,0.0106021488,0.0106495714,233.531
1317,8.081011,0.0974046196,8.49896929,0.0106237116,0.0106714014,235.164
1318,8.087147,0.0973390056,8.51609843,0.010645123,0.0106932842,260.600
1319,8.093283,0.0972732618,8.53310431,0.0106663804,0.0107144366,245.320
1320,8.099419,0.0972073898,8.54998509,0.0106874814,0.010735336,241.415
1321,8.105554,0.0971413857,8.56673906,0.0107084238,0.0107586151,240.190
1322,8.111690,0.0970752552,8.58336469,0.0107292059,0.0107774497,240.069
1323,8.117826,0.0970089978,8.59986043,0.0107498255,0.0107981439,243.786
1324,8.123962,0.0969426096,8.61622485,0.0107702811,0.01081947,244.132
1325,8.130098,0.0968760929,8.63245649,0.0107905706,0.0108403875,244.075
1326,8.136234,0.0968094569,8.64855385,0.0108106923,0.0108598473,243.123
1327,8.142370,0.0967427015,8.66451548,0.0108306443,0.0108793069,243.354
1328,8.148506,0.0966758167,8.68033964,0.0108504246,0.0109003828,238.718
1329,8.154642,0.0966088123,8.69602468,0.0108700309,0.0109198829,224.712
1330,8.160778,0.0965416854,8.71156874,0.0108894609,0.0109398513,241.316
1331,8.166914,0.096474441,8.7269699,0.0109087124,0.0109589951,245.349
1332,8.173050,0.0964070771,8.74222611,0.0109277826,0.0109784671,238.276
1333,8.179186,0.0963395943,8.75733527,0.0109466691,0.0109978484,248.827
1334,8.185321,0.0962719954,8.77229528,0.0109653691,0.0110185751,252.243
1335,8.191457,0.0962042836,8.78710424,0.0109838803,0.0110351651,247.506
1336,8.197593,0.096136457,8.80176012,0.0110022002,0.0110538845,238.510
1337,8.203729,0.0960685162,8.81626145,0.0110203268,0.0110724875,240.738
1338,8.209865,0.0960004713,8.83060707,0.0110382588,0.0110894539,240.536
1339,8.216001,0.0959323081,8.84479628,0.0110559953,0.0111087329,230.659
1340,8.222137,0.0958640386,8.85882932,0.0110735366,0.0111260662,243.516
1341,8.228273,0.0957956602,8.87270715,0.0110908839,0.0111438108,243.621
1342,8.234409,0.0957271788,8.88643199,0.01110804,0.0111605835,242.991
1343,8.240545,0.095658592,8.9000071,0.0111250089,0.0111777676,242.310
1344,8.246681,0.0955899002,8.91343691,0.0111417961,0.0111948885,226.571
1345,8.252817,0.0955211028,8.92672715,0.0111584089,0.0112120968,241.101
1346,8.258953,0.0954522089,8.93988472,0.0111748559,0.0112278111,242.064
1347,8.265088,0.0953832078,8.95291745,0.0111911468,0.0112471201,241.876
1348,8.271224,0.0953141111,8.9658345,0.0112072931,0.0112608694,240.516
1349,8.277360,0.0952449114,8.97864585,0.0112233073,0.0112776705,232.584
1350,8.283496,0.0951756166,8.99136239,0.011239203,0.0112931429,235.188
1351,8.289632,0.0951062258,9.00399574,0.0112549947,0.0113088083,234.146
1352,8.295768,0.0950367372,9.01655811,0.0112706976,0.0113247362,235.325
1353,8.301904,0.094967146,9.02906221,0.0112863278,0.0113414615,237.768
1354,8.308040,0.0948974623,9.04152123,0.0113019015,0.0113565282,233.167
1355,8.314176,0.0948276802,9.0539486,0.0113174357,0.0113725826,221.965
1356,8.320312,0.0947578021,9.06635821,0.0113329478,0.011388208,222.535
1357,8.326448,0.0946878305,9.07876403,0.011348455,0.0114034641,221.716
1358,8.332584,0.0946177628,9.09118036,0.0113639754,0.0114191075,264.243
1359,8.338720,0.0945475974,9.10362169,0.0113795271,0.0114350385,238.378
1360,8.344855,0.0944773373,9.11610286,0.0113951286,0.0114523527,225.182
1361,8.350991,0.0944069822,9.12863889,0.0114107986,0.0114659507,238.638
1362,8.357127,0.0943365337,9.14124523,0.0114265565,0.0114811726,225.852
1363,8.363263,0.0942659846,9.1539376,0.011442422,0.0114975743,223.656
1364,8.369399,0.0941953339,9.16673225,0.0114584153,0.011514127,236.346
1365,8.375535,0.0941245871,9.17964598,0.0114745575,0.0115297875,238.210
1366,8.381671,0.0940537393,9.19269593,0.0114908699,0.0115462489,235.132
1367,8.387807,0.0939827925,9.20589961,0.0115073745,0.0115623902,238.436
1368,8.393943,0.0939117358,9.21927447,0.0115240931,0.0115802991,237.622
1369,8.400079,0.0938405771,9.23283772,0.0115410471,0.0115969147,238.258
1370,8.406215,0.0937693116,9.24660623,0.0115582578,0.0116143304,237.431
1371,8.412351,0.0936979412,9.26059633,0.0115757454,0.0116314274,237.581
1372,8.418487,0.0936264622,9.27482336,0.0115935292,0.0116491126,235.590
1373,8.424622,0.0935548673,9.28930144,0.0116116268,0.0116699053,236.719
1374,8.430758,0.0934831605,9.30404329,0.0116300541,0.0116862462,224.516
1375,8.436894,0.0934113353,9.31905963,0.0116488245,0.0117055502,222.380
1376,8.443030,0.093339392,9.33435932,0.0116679492,0.0117247821,217.827
1377,8.449166,0.0932673334,9.34994922,0.0116874365,0.0117435811,224.027
1378,8.455302,0.0931951501,9.36583396,0.0117072924,0.0117638986,222.657
1379,8.461438,0.093122842,9.38201613,0.0117275202,0.0117842485,221.619
1380,8.467574,0.0930504041,9.398496,0.01174812,0.011805388,223.225
1381,8.473710,0.0929778381,9.41527174,0.0117690897,0.0118262691,222.912
1382,8.479846,0.0929051414,9.43233934,0.0117904242,0.0118475676,260.122
1383,8.485982,0.0928323099,9.44969257,0.0118121157,0.011869552,251.190
1384,8.492118,0.0927593381,9.46732301,0.0118341538,0.0118924003,250.717
1385,8.498254,0.0926862295,9.48521992,0.0118565249,0.011914695,250.891
1386,8.504389,0.0926129813,9.50336994,0.0118792124,0.0119393994,252.040
1387,8.510525,0.0925395897,9.5217571,0.0119021964,0.0119608266,247.212
1388,8.516661,0.0924660496,9.54036284,0.0119254535,0.0119850258,243.830
1389,8.522797,0.0923923619,9.55916568,0.0119489571,0.0120090662,254.980
1390,8.528933,0.0923185294,9.57814165,0.0119726771,0.012032687,254.325
1391,8.535069,0.0922445509,9.59726396,0.01199658,0.0120564633,247.952
1392,8.541205,0.0921704223,9.61650328,0.0120206291,0.0120809374,254.263
1393,8.547341,0.0920961358,9.63582809,0.0120447851,0.0121066573,246.448
1394,8.553477,0.0920217008,9.655205,0.0120690063,0.0121308773,249.783
1395,8.559613,0.0919471197,9.67459898,0.0120932487,0.0121546793,250.161
1396,8.565749,0.0918723859,9.69397366,0.0121174671,0.0121795623,269.962
1397,8.571885,0.0917974964,9.7132916,0.0121416145,0.0122049265,274.979
1398,8.578021,0.0917224548,9.73251484,0.0121656436,0.0122297254,273.150
1399,8.584156,0.0916472627,9.75160528,0.0121895066,0.0122562518,270.387
1400,8.590292,0.0915719301,9.77052463,0.0122131558,0.0122771589,226.162
1401,8.596428,0.0914964508,9.78923494,0.0122365437,0.012301061,236.353
1402,8.602564,0.091420823,9.80769901,0.0122596238,0.0123252657,220.806
1403,8.608700,0.0913450555,9.82588052,0.0122823507,0.0123480238,217.909
1404,8.614836,0.0912691464,9.84374447,0.0123046806,0.0123711088,221.929
1405,8.620972,0.0911930991,9.86125726,0.0123265716,0.0123936123,221.780
1406,8.627108,0.0911169128,9.87838719,0.012347984,0.0124162806,221.115
1407,8.633244,0.0910405989,9.89510475,0.0123688809,0.012437077,222.023
1408,8.639380,0.0909641586,9.91138275,0.0123892284,0.0124576875,219.978
1409,8.645516,0.0908875909,9.92719659,0.0124089957,0.0124784422,222.280
1410,8.651652,0.0908109023,9.94252464,0.0124281558,0.012498138,222.192
1411,8.657788,0.0907340934,9.95734814,0.0124466852,0.0125177498,227.073
1412,8.663923,0.0906571768,9.97165144,0.0124645643,0.0125373335,227.281
1413,8.670059,0.0905801513,9.98542204,0.0124817775,0.0125530479,226.139
1414,8.676195,0.0905030166,9.99865053,0.0124983132,0.0125708448,225.794
1415,8.682331,0.0904257824,10.0113308,0.0125141635,0.0125870626,226.554
1416,8.688467,0.0903484522,10.02346,0.012529325,0.0126027066,225.776
1417,8.694603,0.0902710323,10.0350382,0.0125437977,0.0126173153,221.486
1418,8.700739,0.090193521,10.0460686,0.0125575857,0.0126322246,221.956
1419,8.706875,0.090115929,10.0565571,0.0125706963,0.0126453684,252.457
1420,8.713011,0.0900382605,10.0665124,0.0125831405,0.0126578504,252.048
1421,8.719147,0.0899605143,10.0759452,0.0125949315,0.0126704917,252.004
1422,8.725283,0.0898826987,10.0848687,0.0126060859,0.012681816,221.747
1423,8.731419,0.0898048135,10.0932976,0.0126166219,0.0126931615,256.205
1424,8.737555,0.0897268693,10.101248,0.01262656,0.0127027661,217.873
1425,8.743690,0.0896488658,10.1087372,0.0126359215,0.0127145006,213.694
1426,8.749826,0.0895708046,10.1157832,0.0126447291,0.0127218472,218.159
1427,8.755962,0.0894926948,10.1224049,0.0126530061,0.0127297595,217.226
1428,8.762098,0.0894145343,10.1286212,0.0126607766,0.0127380119,217.934
1429,8.768234,0.0893363248,10.134452,0.012668065,0.0127460191,218.067
1430,8.774370,0.0892580753,10.1399172,0.0126748965,0.012752515,217.522
1431,8.780506,0.0891797846,10.1450373,0.0126812967,0.0127592412,217.696
1432,8.786642,0.089101454,10.1498333,0.0126872916,0.0127657543,215.551
1433,8.792778,0.0890230878,10.1543264,0.012692908,0.012771539,217.779
1434,8.798914,0.0889446864,10.1585388,0.0126981735,0.0127772827,215.586
1435,8.805050,0.088866253,10.1624929,0.0127031162,0.0127824866,242.315
1436,8.811186,0.0887877928,10.1662119,0.0127077649,0.0127868722,242.170
1437,8.817322,0.0887093001,10.1697189,0.0127121486,0.0127921672,242.766
1438,8.823457,0.0886307878,10.1730368,0.012716296,0.0127974351,226.734
1439,8.829593,0.0885522462,10.1761877,0.0127202347,0.0128001366,265.732
1440,8.835729,0.0884736798,10.1791928,0.012723991,0.0128041667,243.215
1441,8.841865,0.0883950882,10.1820711,0.0127275888,0.012808275,212.897
1442,8.848001,0.0883164801,10.1848394,0.0127310492,0.0128109757,236.131
1443,8.854137,0.0882378509,10.1875117,0.0127343896,0.0128143976,235.563
1444,8.860273,0.0881592023,10.1900989,0.0127376237,0.0128175808,221.032
1445,8.866409,0.0880805342,10.1926088,0.012740761,0.0128207437,216.851
1446,8.872545,0.088001845,10.1950453,0.0127438066,0.0128241784,240.163
1447,8.878681,0.0879231328,10.1974093,0.0127467616,0.0128279388,229.995
1448,8.884817,0.0878443983,10.1996984,0.012749623,0.0128315703,230.712
1449,8.890953,0.0877656532,10.2019074,0.0127523843,0.012833293,230.945
1450,8.897089,0.0876868873,10.2040286,0.0127550358,0.0128366859,231.615
1451,8.903224,0.0876081071,10.2060523,0.0127575654,0.0128410969,229.261
1452,8.909360,0.0875293075,10.2079673,0.0127599591,0.0128421798,231.140
1453,8.915496,0.087450493,10.2097613,0.0127622016,0.012844606,231.450
1454,8.921632,0.0873716625,10.2114215,0.0127642768,0.0128472171,232.985
1455,8.927768,0.0872928224,10.212935,0.0127661687,0.0128487786,231.845
1456,8.933904,0.0872139721,10.214289,0.0127678613,0.0128504356,230.334
1457,8.940040,0.0871351104,10.2154714,0.0127693393,0.0128523053,233.236
1458,8.946176,0.087056238,10.2164704,0.0127705879,0.0128540367,232.198
1459,8.952312,0.0869773602,10.2172742,0.0127715928,0.0128549176,230.192
1460,8.958448,0.0868984741,10.2178713,0.0127723391,0.0128562827,232.133
1461,8.964584,0.0868195845,10.2182496,0.012772812,0.0128568401,231.113
1462,8.970720,0.0867406883,10.2183964,0.0127729955,0.0128579199,231.251
1463,8.976856,0.0866617959,10.2182983,0.0127728728,0.0128573063,232.718
1464,8.982991,0.0865829081,10.217941,0.0127724263,0.0128586384,231.748
1465,8.989127,0.0865040226,10.2173096,0.012771637,0.0128561792,231.836
1466,8.995263,0.0864251396,10.2163884,0.0127704855,0.0128557687,231.132
1467,9.001399,0.0863462654,10.2151616,0.012768952,0.0128543322,231.917
1468,9.007535,0.0862674006,10.213613,0.0127670163,0.0128528155,231.472
1469,9.013671,0.0861885505,10.2117271,0.0127646589,0.012850397,231.311
1470,9.019807,0.086109719,10.2094892,0.0127618616,0.0128473827,231.855
1471,9.025943,0.0860309014,10.2068857,0.0127586072,0.0128451085,231.923
1472,9.032079,0.0859521071,10.2039044,0.0127548805,0.0128413137,232.150
1473,9.038215,0.0858733385,10.2005343,0.0127506678,0.0128371181,219.885
1474,9.044351,0.0857945966,10.196766,0.0127459575,0.0128327808,212.893
1475,9.050487,0.0857158836,10.1925916,0.0127407395,0.0128280693,227.849
1476,9.056623,0.0856372039,10.1880044,0.0127350054,0.0128226279,212.158
1477,9.062758,0.0855585662,10.182999,0.0127287487,0.0128178798,211.167
1478,9.068894,0.0854799667,10.177571,0.0127219638,0.0128095794,237.795
1479,9.075030,0.0854014082,10.1717173,0.0127146467,0.012802872,209.776
1480,9.081166,0.0853228983,10.1654357,0.0127067946,0.0127949705,208.604
1481,9.087302,0.0852444391,10.1587252,0.0126984065,0.0127867028,218.902
1482,9.093438,0.0851660315,10.151586,0.0126894825,0.0127782841,272.265
1483,9.099574,0.0850876831,10.1440189,0.0126800237,0.0127686496,260.632
1484,9.105710,0.0850093964,10.1360257,0.0126700322,0.0127585891,226.945
1485,9.111846,0.0849311722,10.1276084,0.0126595105,0.0127484082,218.494
1486,9.117982,0.0848530185,10.1187698,0.0126484622,0.0127369051,227.016
1487,9.124118,0.0847749303,10.1095131,0.0126368914,0.0127262422,227.906
1488,9.130254,0.0846969213,10.0998427,0.0126248034,0.0127133215,227.997
1489,9.136390,0.0846189886,10.0897633,0.0126122042,0.0127009002,230.645
1490,9.142525,0.0845411347,10.0792801,0.0125991001,0.0126901221,232.535
1491,9.148661,0.0844633613,10.0683985,0.0125854981,0.0126749385,234.172
1492,9.154797,0.0843856766,10.0571245,0.0125714056,0.01266048,235.208
1493,9.160933,0.0843080798,10.0454643,0.0125568303,0.0126461554,235.761
1494,9.167069,0.0842305789,10.0334247,0.0125417809,0.0126305206,233.697
1495,9.173205,0.0841531702,10.0210131,0.0125262663,0.0126155073,234.517
1496,9.179341,0.0840758576,10.0082372,0.0125102965,0.0125998262,233.813
1497,9.185477,0.0839986469,9.99510496,0.0124938812,0.012583231,235.356
1498,9.191613,0.0839215411,9.98162454,0.0124770307,0.0125661383,233.973
1499,9.197749,0.083844542,9.96780444,0.0124597556,0.0125487467,237.743
1500,9.203885,0.083767647,9.95365397,0.0124420675,0.0125317758,213.364
1501,9.210021,0.0836908687,9.9391837,0.0124239796,0.0125127572,222.168
1502,9.216157,0.0836142048,9.92440548,0.0124055068,0.012494128,212.482
1503,9.222292,0.0835376593,9.90933256,0.0123866657,0.0124768485,231.397
1504,9.228428,0.0834612285,9.89397942,0.0123674743,0.0124561267,230.849
1505,9.234564,0.0833849181,9.87836195,0.0123479524,0.0124365037,231.407
1506,9.240700,0.0833087318,9.86249745,0.0123281218,0.0124162855,237.820
1507,9.246836,0.08323267,9.84640489,0.0123080061,0.0123959893,238.321
1508,9.252972,0.0831567383,9.83010545,0.0122876318,0.0123747896,235.624
1509,9.259108,0.0830809349,9.81362261,0.0122670283,0.0123538857,236.891
1510,9.265244,0.0830052561,9.7969823,0.0122462279,0.0123335655,234.490
1511,9.271380,0.0829297144,9.78021307,0.0122252663,0.0123112301,236.097
1512,9.277516,0.0828542987,9.76334553,0.0122041819,0.012290697,239.423
1513,9.283652,0.0827790192,9.74641243,0.0121830155,0.0122684846,235.919
1514,9.289788,0.0827038678,9.72944812,0.0121618101,0.0122476298,238.488
1515,9.295924,0.0826288536,9.71248869,0.0121406109,0.0122252632,236.380
1516,9.302059,0.0825539726,9.69557158,0.0121194645,0.0122055353,233.108
1517,9.308195,0.0824792208,9.67873523,0.012098419,0.0121825019,287.545
1518,9.314331,0.0824045999,9.66201863,0.0120775233,0.012161164,286.076
1519,9.320467,0.0823301093,9.64546069,0.0120568259,0.012139933,282.997
1520,9.326603,0.0822557493,9.62909957,0.0120363745,0.0121186304,284.097
1521,9.332739,0.082181512,9.61297225,0.0120162153,0.0120986595,283.494
1522,9.338875,0.0821073991,9.59711432,0.0119963929,0.0120783622,284.002
1523,9.345011,0.0820334115,9.58155963,0.0119769495,0.0120579621,283.344
1524,9.351147,0.081959541,9.5663398,0.0119579248,0.0120388604,282.506
1525,9.357283,0.0818857866,9.55148392,0.0119393549,0.0120199449,259.634
1526,9.363419,0.081812148,9.53701804,0.0119212725,0.0120010843,286.691
1527,9.369555,0.0817386218,9.52296478,0.011903706,0.0119827625,258.933
1528,9.375691,0.0816652017,9.50934299,0.0118866787,0.0119654527,260.881
1529,9.381826,0.0815918891,9.49616808,0.0118702101,0.0119499051,261.322
1530,9.387962,0.0815186774,9.48345178,0.0118543147,0.0119314923,260.015
1531,9.394098,0.0814455611,9.47120231,0.0118390029,0.0119159647,255.269
1532,9.400234,0.0813725388,9.45942449,0.0118242806,0.0119006329,260.295
1533,9.406370,0.0812996077,9.44811951,0.0118101494,0.0118857786,255.180
1534,9.412506,0.0812267609,9.43728502,0.0117966063,0.011872021,257.564
1535,9.418642,0.0811539966,9.42691523,0.011783644,0.0118585904,259.357
1536,9.424778,0.0810813132,9.4170013,0.0117712516,0.0118454053,256.956
1537,9.430914,0.0810087052,9.40753157,0.0117594145,0.0118331123,257.211
1538,9.437050,0.0809361711,9.39849179,0.0117481147,0.0118210834,258.831
1539,9.443186,0.0808637046,9.38986556,0.0117373319,0.0118100486,259.121
1540,9.449322,0.0807913052,9.38163462,0.0117270433,0.0117991231,259.780
1541,9.455458,0.0807189646,9.37377938,0.0117172242,0.0117895358,256.275
1542,9.461593,0.0806466846,9.36627914,0.0117078489,0.0117815853,254.405
1543,9.467729,0.0805744559,9.35911272,0.0116988909,0.01177129,258.068
1544,9.473865,0.0805022896,9.35225894,0.0116903237,0.0117611463,235.238
1545,9.480001,0.0804301742,9.34569671,0.0116821209,0.0117528276,228.614
1546,9.486137,0.0803581069,9.33940545,0.0116742568,0.0117450051,234.484
1547,9.492273,0.0802860872,9.33336529,0.0116667066,0.0117372386,235.837
1548,9.498409,0.0802141144,9.32755716,0.0116594465,0.0117295816,236.423
1549,9.504545,0.0801421832,9.32196285,0.0116524536,0.0117228293,235.156
1550,9.510681,0.0800702955,9.31656506,0.0116457063,0.011715722,234.572
1551,9.516817,0.0799984508,9.31134745,0.0116391843,0.0117087236,234.546
1552,9.522953,0.0799266447,9.30629469,0.0116328684,0.0117024273,233.729
1553,9.529089,0.0798548804,9.3013924,0.0116267405,0.0116956083,225.241
1554,9.535225,0.0797831542,9.29662702,0.0116207838,0.011689416,231.173
1555,9.541361,0.0797114572,9.29198591,0.0116149824,0.0116846358,232.150
1556,9.547496,0.0796397996,9.28745725,0.0116093216,0.0116801314,232.304
1557,9.553632,0.0795681793,9.28302993,0.0116037874,0.0116721573,230.092
1558,9.559768,0.0794965911,9.27869347,0.0115983668,0.0116669128,231.610
1559,9.565904,0.0794250359,9.27443813,0.0115930477,0.0116615306,231.971
1560,9.572040,0.079353512,9.27025462,0.0115878183,0.0116564414,229.712
1561,9.578176,0.0792820223,9.26613426,0.0115826678,0.0116508637,229.543
1562,9.584312,0.0792105669,9.26206877,0.011577586,0.0116452743,230.541
1563,9.590448,0.0791391397,9.25805024,0.0115725628,0.0116406779,231.951
1564,9.596584,0.0790677456,9.25407118,0.011567589,0.0116352928,220.066
1565,9.602720,0.0789963794,9.25012442,0.0115626555,0.0116307282,236.628
1566,9.608856,0.0789250463,9.2462033,0.0115577541,0.0116253418,236.996
1567,9.614992,0.0788537472,9.2423014,0.0115528767,0.0116198068,229.942
1568,9.621128,0.0787824742,9.23841263,0.0115480158,0.0116155381,229.990
1569,9.627263,0.0787112349,9.23453133,0.0115431642,0.0116119484,230.944
1570,9.633399,0.0786400236,9.23065201,0.011538315,0.0116054915,230.701
1571,9.639535,0.0785688452,9.22676968,0.0115334621,0.0116001302,229.765
1572,9.645671,0.0784976952,9.22287953,0.0115285994,0.0115955153,230.333
1573,9.651807,0.0784265765,9.21897728,0.0115237216,0.0115903891,230.847
1574,9.657943,0.0783554896,9.21505918,0.011518824,0.0115852223,230.354
1575,9.664079,0.0782844352,9.21112168,0.0115139021,0.0115799279,217.673
1576,9.670215,0.0782134075,9.20716166,0.0115089521,0.01157556,215.113
1577,9.676351,0.078142411,9.20317627,0.0115039703,0.0115704827,214.847
1578,9.682487,0.0780714468,9.19916282,0.0114989535,0.0115652335,229.232
1579,9.688623,0.0780005125,9.19511869,0.0114938984,0.0115603416,229.500
1580,9.694759,0.0779296109,9.19104146,0.0114888018,0.0115550253,229.454
1581,9.700895,0.0778587394,9.18692891,0.0114836611,0.0115501159,230.878
1582,9.707030,0.0777878998,9.18277907,0.0114784738,0.0115467917,267.501
1583,9.713166,0.077717093,9.17859017,0.0114732377,0.0115395675,257.718
1584,9.719302,0.0776463193,9.17436058,0.0114679507,0.0115341739,212.001
1585,9.725438,0.0775755788,9.17008906,0.0114626113,0.0115287633,241.431
1586,9.731574,0.07750487,9.16577456,0.0114572182,0.0115236045,233.872
1587,9.737710,0.0774341939,9.16141638,0.0114517705,0.0115182666,233.392
1588,9.743846,0.0773635526,9.15701439,0.011446268,0.0115126058,233.130
1589,9.749982,0.0772929469,9.15256894,0.0114407112,0.0115067951,232.615
1590,9.756118,0.077222376,9.14808108,0.0114351013,0.0115011178,231.249
1591,9.762254,0.0771518384,9.14355248,0.0114294406,0.0114956981,231.343
1592,9.768390,0.0770813354,9.13898563,0.011423732,0.0114900551,230.923
1593,9.774526,0.0770108658,9.13438376,0.0114179797,0.011484622,231.053
1594,9.780662,0.0769404334,9.12975091,0.0114121886,0.0114785507,231.477
1595,9.786797,0.0768700396,9.12509204,0.0114063651,0.0114741376,232.520
1596,9.792933,0.0767996836,9.12041289,0.0114005161,0.0114660988,263.715
1597,9.799069,0.0767293612,9.11572,0.01139465,0.0114606311,253.439
1598,9.805205,0.076659075,9.11102061,0.0113887758,0.0114547248,251.221
1599,9.811341,0.0765888265,9.10632257,0.0113829032,0.0114485751,208.573
1600,9.817477,0.076518614,9.10163404,0.0113770425,0.0114427239,217.014
1601,9.823613,0.0764484384,9.09696328,0.0113712041,0.0114367013,217.881
1602,9.829749,0.0763782961,9.09231833,0.0113653979,0.0114312626,264.345
1603,9.835885,0.07630819,9.08770695,0.0113596337,0.0114253805,253.943
1604,9.842021,0.0762381214,9.08313597,0.01135392,0.0114192685,250.570
1605,9.848157,0.0761680829,9.07861098,0.0113482637,0.0114143592,254.987
1606,9.854293,0.0760980821,9.07413619,0.0113426702,0.0114082046,236.011
1607,9.860429,0.0760281156,9.06971374,0.0113371422,0.0114026305,234.439
1608,9.866564,0.0759581842,9.06534349,0.0113316794,0.0113987544,230.213
1609,9.872700,0.0758882826,9.06102266,0.0113262783,0.0113920496,230.200
1610,9.878836,0.075818418,9.05674546,0.0113209318,0.0113860197,232.074
1611,9.884972,0.0757485832,9.05250258,0.0113156282,0.011381163,233.444
1612,9.891108,0.075678782,9.04828111,0.0113103514,0.0113756805,232.312
1613,9.897244,0.0756090109,9.04406433,0.0113050804,0.0113707756,232.052
1614,9.903380,0.0755392751,9.03983187,0.0112997898,0.0113650267,260.642
1615,9.909516,0.0754695677,9.03556038,0.0112944505,0.0113604008,276.238
1616,9.915652,0.0753998967,9.03122467,0.0112890308,0.0113544653,273.364
1617,9.921788,0.0753302624,9.02679942,0.0112834993,0.0113484818,276.733
1618,9.927924,0.0752606594,9.02226129,0.0112778266,0.0113433885,230.800
1619,9.934060,0.0751910968,9.01759141,0.0112719893,0.011336793,229.452
1620,9.940196,0.0751215693,9.01277791,0.0112659724,0.0113310793,239.464
1621,9.946331,0.0750520781,9.00781865,0.0112597733,0.0113270041,239.219
1622,9.952467,0.0749826327,9.00272373,0.0112534047,0.0113177086,233.856
1623,9.958603,0.0749132259,8.99751755,0.0112468969,0.0113114117,229.127
1624,9.964739,0.0748438623,8.99224045,0.0112403006,0.0113043673,232.516
1625,9.970875,0.0747745396,8.98694869,0.0112336859,0.0112976906,236.652
1626,9.977011,0.0747052611,8.98171255,0.0112271407,0.0112905089,234.439
1627,9.983147,0.0746360204,8.97661125,0.0112207641,0.0112843274,231.925
1628,9.989283,0.0745668207,8.97172623,0.0112146578,0.0112776665,215.852
1629,9.995419,0.0744976614,8.96713212,0.0112089151,0.0112710668,232.818
1630,10.001555,0.0744285355,8.96288815,0.0112036102,0.0112656214,232.160
